RegionID,SizeRank,RegionName,RegionType,StateName,date,zori,zhvi,zori_index,zhvi_index
394355,29,"Austin, TX",msa,TX,2020-01-31,1396.425211628839,335537.68698815914,100,100
394355,29,"Austin, TX",msa,TX,2020-02-29,1402.9341469634292,338326.03633319604,100.46611413775592,100.83100928842468
394355,29,"Austin, TX",msa,TX,2020-03-31,1412.1949009146133,341175.1562007428,101.12928992934609,101.68012996190876
394355,29,"Austin, TX",msa,TX,2020-04-30,1409.6200310267543,343503.8115388498,100.94489982621586,102.37413705214335
394355,29,"Austin, TX",msa,TX,2020-05-31,1401.6811622159696,344844.975267814,100.37638611386856,102.77384289174745
394355,29,"Austin, TX",msa,TX,2020-06-30,1394.9714655213363,345667.0607939609,99.8958951689359,103.01884831379886
394355,29,"Austin, TX",msa,TX,2020-07-31,1398.153533411645,347059.6649682101,100.12376758657844,103.43388490380146
394355,29,"Austin, TX",msa,TX,2020-08-31,1400.811012052469,349996.8072278342,100.31407342026677,104.30923881292216
394355,29,"Austin, TX",msa,TX,2020-09-30,1394.036780242214,354761.97199507034,99.82896102371004,105.72939665271926
394355,29,"Austin, TX",msa,TX,2020-10-31,1386.3732609010551,360550.6336437178,99.28016547939156,107.45458636258685
394355,29,"Austin, TX",msa,TX,2020-11-30,1382.628866956724,367223.862712701,99.01202409142826,109.44340291815269
394355,29,"Austin, TX",msa,TX,2020-12-31,1385.0339520082928,374169.0310867205,99.18425566040455,111.51326530421146
394355,29,"Austin, TX",msa,TX,2021-01-31,1396.0256308415217,381780.0785479904,99.97138545022034,113.7815790455345
394355,29,"Austin, TX",msa,TX,2021-02-28,1412.2173905683524,390972.7335749951,101.13090044550921,116.52125789041163
394355,29,"Austin, TX",msa,TX,2021-03-31,1434.5666900678225,403773.3798836672,102.73136564145058,120.33622318494317
394355,29,"Austin, TX",msa,TX,2021-04-30,1461.981122416616,421703.37476349575,104.69455222104665,125.67988369615762
394355,29,"Austin, TX",msa,TX,2021-05-31,1499.3517348520054,443709.68771506805,107.37071504911526,132.23840567594013
394355,29,"Austin, TX",msa,TX,2021-06-30,1545.0308104720036,465458.5996073312,110.64185876949514,138.7202146457417
394355,29,"Austin, TX",msa,TX,2021-07-31,1596.1780983031274,481757.8053953843,114.30458896121544,143.57785252670743
394355,29,"Austin, TX",msa,TX,2021-08-31,1643.0430319216784,491090.26490211784,117.66065366330474,146.35919717699193
394355,29,"Austin, TX",msa,TX,2021-09-30,1673.4457325679691,494887.4422557971,119.83783439544204,147.49086658431344
394355,29,"Austin, TX",msa,TX,2021-10-31,1683.604216823576,497399.42198739,120.56529793384077,148.23950968134997
394355,29,"Austin, TX",msa,TX,2021-11-30,1680.406731018424,500892.1574212759,120.33632141733814,149.2804465326579
394355,29,"Austin, TX",msa,TX,2021-12-31,1684.395538076741,506362.1620022321,120.62196557680333,150.91066715856013
394355,29,"Austin, TX",msa,TX,2022-01-31,1687.4151143453869,515706.8068189304,120.83820173778781,153.69564338599295
394355,29,"Austin, TX",msa,TX,2022-02-28,1704.2758451483558,527988.615697807,122.04562270545296,157.3559800203425
394355,29,"Austin, TX",msa,TX,2022-03-31,1719.4709130384426,543440.431207701,123.13376317753473,161.96107092640196
394355,29,"Austin, TX",msa,TX,2022-04-30,1744.1497033218498,558654.3141814895,124.90104652918812,166.49525100922688
394355,29,"Austin, TX",msa,TX,2022-05-31,1765.6034777980606,571499.6600150006,126.43738190164866,170.3235380636001
394355,29,"Austin, TX",msa,TX,2022-06-30,1790.0832020666132,579087.4473830535,128.19040985221096,172.58491961992007
394355,29,"Austin, TX",msa,TX,2022-07-31,1811.868632385413,578181.0780238354,129.75049557233262,172.3147951616651
394355,29,"Austin, TX",msa,TX,2022-08-31,1815.0917585785708,570248.1270816177,129.98130823357053,169.95054481070596
394355,29,"Austin, TX",msa,TX,2022-09-30,1805.1585041572075,558069.7374535239,129.2699737246657,166.32103012417133
394355,29,"Austin, TX",msa,TX,2022-10-31,1782.3852198573495,546822.0909038066,127.63914637278093,162.96890397384885
394355,29,"Austin, TX",msa,TX,2022-11-30,1760.346198108491,537042.7069550804,126.06090060885981,160.05436282751518
394355,29,"Austin, TX",msa,TX,2022-12-31,1746.890498017301,528331.4958732002,125.0973187443148,157.45816829566587
394355,29,"Austin, TX",msa,TX,2023-01-31,1743.321115335254,519996.3990905153,124.84171016232108,154.9740667756542
394355,29,"Austin, TX",msa,TX,2023-02-28,1747.2864547799302,512387.8663622702,125.12567377252051,152.70650249798973
394355,29,"Austin, TX",msa,TX,2023-03-31,1759.32558217653,506227.4630074664,125.98781284709055,150.87052293631945
394355,29,"Austin, TX",msa,TX,2023-04-30,1762.8918033799923,501728.7370434429,126.24319503109615,149.52977161732312
394355,29,"Austin, TX",msa,TX,2023-05-31,1768.7598399667918,499335.6623039889,126.6634134959257,148.81656566989747
394355,29,"Austin, TX",msa,TX,2023-06-30,1764.8624892337734,498294.3860170669,126.38431865428556,148.50623501933222
394355,29,"Austin, TX",msa,TX,2023-07-31,1763.741897847073,497328.2075050422,126.30407150768805,148.21828569217993
394355,29,"Austin, TX",msa,TX,2023-08-31,1753.1454122399962,495825.1172466439,125.54524206814244,147.7703210322664
394355,29,"Austin, TX",msa,TX,2023-09-30,1735.1763049669437,493496.77264623134,124.258448681471,147.07640655091197
394355,29,"Austin, TX",msa,TX,2023-10-31,1718.14841284366,490721.7975192715,123.03905705337073,146.24938316886852
394355,29,"Austin, TX",msa,TX,2023-11-30,1704.8528843148022,487608.6477901758,122.08694530272786,145.32157390933648
394355,29,"Austin, TX",msa,TX,2023-12-31,1697.9252800383936,484492.7506104284,121.5908496852384,144.39294582951743
394355,29,"Austin, TX",msa,TX,2024-01-31,1690.43990726457,481954.7527339675,121.05481147055359,143.63654856778436
394355,29,"Austin, TX",msa,TX,2024-02-29,1687.3879194114247,480180.77323225146,120.83625426980058,143.1078510263429
394355,29,"Austin, TX",msa,TX,2024-03-31,1686.8939183917355,479588.186775522,120.80087815258534,142.93124300891014
394355,29,"Austin, TX",msa,TX,2024-04-30,1692.5643198116309,479537.0923077499,121.2069436813852,142.91601536988375
394355,29,"Austin, TX",msa,TX,2024-05-31,1698.8562087258738,478810.9527279516,121.65751481558176,142.69960463333837
394355,29,"Austin, TX",msa,TX,2024-06-30,1701.4066993760882,476884.13155895914,121.84015908675183,142.12535582501883
394355,29,"Austin, TX",msa,TX,2024-07-31,1697.2286326323674,474525.20289022353,121.54096177142641,141.42232640084006
394355,29,"Austin, TX",msa,TX,2024-08-31,1683.7331422471634,472564.8178319377,120.57453046720623,140.8380745762887
394355,29,"Austin, TX",msa,TX,2024-09-30,1669.464127553039,471617.29335602745,119.55270598457027,140.55568469501623
394355,29,"Austin, TX",msa,TX,2024-10-31,1651.2490342734377,470837.45930295787,118.2482971893184,140.32327144210578
394355,29,"Austin, TX",msa,TX,2024-11-30,1636.9933104627746,469907.2798317696,117.22742448579318,140.04605087724536
394355,29,"Austin, TX",msa,TX,2024-12-31,1627.3403195228836,468254.83393941814,116.53616004431038,139.55357388988094
394355,29,"Austin, TX",msa,TX,2025-01-31,1624.9947196365465,466061.56891868106,116.36818829281206,138.8999170561511
394355,29,"Austin, TX",msa,TX,2025-02-28,1627.8918692622387,463728.45745641127,116.57565730737625,138.20458191117467
394355,29,"Austin, TX",msa,TX,2025-03-31,1633.750693524358,460936.0325879117,116.99521606450334,137.37235799809807
394355,29,"Austin, TX",msa,TX,2025-04-30,1639.3902216933332,458005.6720338811,117.39907071579519,136.49902523469555
394355,29,"Austin, TX",msa,TX,2025-05-31,1646.8340271563832,454531.7160572195,117.93213223610155,135.46368520840986
394355,29,"Austin, TX",msa,TX,2025-06-30,1646.8151174893062,450808.0787562986,117.93077808788655,134.3539328779504
394355,29,"Austin, TX",msa,TX,2025-07-31,1639.0895075220908,447321.2357430796,117.37753614532637,133.31475213956077
394355,29,"Austin, TX",msa,TX,2025-08-31,1625.0947682767996,444934.7948678558,116.37535291855927,132.6035232768226
394355,29,"Austin, TX",msa,TX,2025-09-30,1611.7479908308849,443623.36965335417,115.41957115991094,132.21268038037385
394355,29,"Austin, TX",msa,TX,2025-10-31,1601.1540831358604,442666.2444240339,114.6609263283222,131.92742919505648
394355,29,"Austin, TX",msa,TX,2025-11-30,1590.0870361929474,441484.12972895935,113.86839932073516,131.57512459831048
394355,29,"Austin, TX",msa,TX,2025-12-31,1582.7151185190714,440047.9093797365,113.34048578748714,131.1470891182681
394355,29,"Austin, TX",msa,TX,2026-01-31,1581.6702946813075,438300.13525558606,113.26566446307513,130.62620154231834
394355,29,"Austin, TX",msa,TX,2026-02-28,1588.8538795534134,436244.3398613293,113.78009121592119,130.0135146597479
394355,29,"Austin, TX",msa,TX,2026-03-31,1595.2411109889329,433534.45955499174,114.23748996397653,129.20589142950456
394355,29,"Austin, TX",msa,TX,2026-04-30,1603.6026487146676,430489.97196000273,114.83627159983524,128.29854548505438
394404,10,"Boston, MA",msa,MA,2020-01-31,2433.3030007129987,504041.8826478065,100,100
394404,10,"Boston, MA",msa,MA,2020-02-29,2460.844725704432,506917.9947037201,101.13186582120531,100.57060973600149
394404,10,"Boston, MA",msa,MA,2020-03-31,2484.7691466144274,510583.610614463,102.11507345720399,101.2978540458368
394404,10,"Boston, MA",msa,MA,2020-04-30,2484.3443174070944,513676.6590289613,102.09761450502216,101.91150313353762
394404,10,"Boston, MA",msa,MA,2020-05-31,2475.4231863266427,515561.42768295336,101.73098810963133,102.28543409421316
394404,10,"Boston, MA",msa,MA,2020-06-30,2457.7755513057177,516430.4714600624,101.00573379416981,102.45784908729745
394404,10,"Boston, MA",msa,MA,2020-07-31,2439.2594948063183,517320.0873608864,100.24479047991863,102.63434551179111
394404,10,"Boston, MA",msa,MA,2020-08-31,2396.5481078064377,520034.4843932139,98.48950612004377,103.17287159975595
394404,10,"Boston, MA",msa,MA,2020-09-30,2338.4019384320154,525260.9944776943,96.0999077281713,104.2097914003536
394404,10,"Boston, MA",msa,MA,2020-10-31,2287.499396607449,532231.2849901785,94.00799637107147,105.59267063171198
394404,10,"Boston, MA",msa,MA,2020-11-30,2263.1738398762204,540240.8842945091,93.00830349582738,107.1817447900448
394404,10,"Boston, MA",msa,MA,2020-12-31,2264.94502761554,548179.059228242,93.08109294041363,108.75664862383587
394404,10,"Boston, MA",msa,MA,2021-01-31,2286.0560387053933,555294.6176653655,93.94867955349335,110.1683484611082
394404,10,"Boston, MA",msa,MA,2021-02-28,2318.8768723682465,562363.4901185947,95.29749775053811,111.57078597604155
394404,10,"Boston, MA",msa,MA,2021-03-31,2351.8098732349586,569560.4652707885,96.65092561616201,112.99863858114394
394404,10,"Boston, MA",msa,MA,2021-04-30,2382.9116710526596,577460.91053171,97.9290976238646,114.56605699078469
394404,10,"Boston, MA",msa,MA,2021-05-31,2420.0131000205915,585670.298527877,99.45383288934781,116.19476846869637
394404,10,"Boston, MA",msa,MA,2021-06-30,2460.7619416473813,593218.0112911294,101.12846369425989,117.6922060870949
394404,10,"Boston, MA",msa,MA,2021-07-31,2498.204980675537,598122.5389127118,102.66723790434324,118.6652457868552
394404,10,"Boston, MA",msa,MA,2021-08-31,2516.4109794464503,599359.0475572858,103.41543896132539,118.91056441753692
394404,10,"Boston, MA",msa,MA,2021-09-30,2534.0874648663225,598195.2179911687,104.14187892439996,118.6796650406829
394404,10,"Boston, MA",msa,MA,2021-10-31,2547.2398337809536,597451.6033471498,104.68239397372912,118.53213471242671
394404,10,"Boston, MA",msa,MA,2021-11-30,2562.8706160004,598305.5222987357,105.32476289428139,118.70154899742624
394404,10,"Boston, MA",msa,MA,2021-12-31,2571.8579951724705,600533.702534136,105.6941118479233,119.14361151486932
394404,10,"Boston, MA",msa,MA,2022-01-31,2584.334103529454,606106.8486074321,106.20683502104755,120.24930258244875
394404,10,"Boston, MA",msa,MA,2022-02-28,2596.543912665651,614992.3857651082,106.70861425415659,122.01215949247357
394404,10,"Boston, MA",msa,MA,2022-03-31,2618.73568432753,627148.592766795,107.62061623892282,124.42390490891168
394404,10,"Boston, MA",msa,MA,2022-04-30,2651.9901195753387,638792.2377736856,108.98725390131278,126.73395996737725
394404,10,"Boston, MA",msa,MA,2022-05-31,2696.6454738915277,648825.0867155591,110.82242832484755,128.72443918889934
394404,10,"Boston, MA",msa,MA,2022-06-30,2737.980410100042,655950.39084051,112.52114550870841,130.13807253371598
394404,10,"Boston, MA",msa,MA,2022-07-31,2770.755624682922,658598.788407314,113.868088925672,130.66350457775397
394404,10,"Boston, MA",msa,MA,2022-08-31,2789.3595526253375,656346.9233832437,114.63264344013089,130.21674308796648
394404,10,"Boston, MA",msa,MA,2022-09-30,2799.1530829035005,650733.9415429028,115.03512230426303,129.10314875511958
394404,10,"Boston, MA",msa,MA,2022-10-31,2793.1531344737605,646099.2957550763,114.78854600743598,128.1836525887534
394404,10,"Boston, MA",msa,MA,2022-11-30,2789.8889551730126,643523.6852767365,114.65439998041873,127.67266122731935
394404,10,"Boston, MA",msa,MA,2022-12-31,2783.2576075305196,642772.5012858066,114.38187544728208,127.52362916931183
394404,10,"Boston, MA",msa,MA,2023-01-31,2789.110201664383,641489.3668679228,114.62239601262674,127.26906016184299
394404,10,"Boston, MA",msa,MA,2023-02-28,2807.2561255362116,640303.1569244798,115.36812820736415,127.03372060291352
394404,10,"Boston, MA",msa,MA,2023-03-31,2838.8293674295724,640518.8082532081,116.66567487064899,127.07650500955756
394404,10,"Boston, MA",msa,MA,2023-04-30,2874.510403798701,644137.302363642,118.13203710990456,127.79440053272828
394404,10,"Boston, MA",msa,MA,2023-05-31,2904.8892279644124,650195.7584614697,119.38049750126602,128.99637527062143
394404,10,"Boston, MA",msa,MA,2023-06-30,2928.7331917871657,657239.8767224475,120.36039864040762,130.39390164759112
394404,10,"Boston, MA",msa,MA,2023-07-31,2944.140395694384,664051.3751132123,120.99357929660637,131.74527712357002
394404,10,"Boston, MA",msa,MA,2023-08-31,2944.945383312623,670661.4993973582,121.02666139193123,133.0567007396834
394404,10,"Boston, MA",msa,MA,2023-09-30,2940.8972696092123,676457.362788633,120.8602984810145,134.20657807940532
394404,10,"Boston, MA",msa,MA,2023-10-31,2930.520505008791,681204.7754415994,120.43385078430838,135.14844676460817
394404,10,"Boston, MA",msa,MA,2023-11-30,2933.78615627119,684755.132469817,120.56805730365438,135.8528241487983
394404,10,"Boston, MA",msa,MA,2023-12-31,2935.54164067477,687589.5239279425,120.64020139763142,136.4151566762534
394404,10,"Boston, MA",msa,MA,2024-01-31,2950.2552467315336,689628.3520549292,121.2448776772584,136.81965245273065
394404,10,"Boston, MA",msa,MA,2024-02-29,2968.354147726833,692389.3275129729,121.98867740092605,137.36741952389937
394404,10,"Boston, MA",msa,MA,2024-03-31,2994.3929614344634,697154.8886107764,123.058778974795,138.3128887918041
394404,10,"Boston, MA",msa,MA,2024-04-30,3018.619117827829,703335.4316534748,124.0543868537261,139.5390851170442
394404,10,"Boston, MA",msa,MA,2024-05-31,3039.968281551606,708586.844912185,124.9317606833528,140.58094561306564
394404,10,"Boston, MA",msa,MA,2024-06-30,3054.4538517769915,711389.7398661822,125.52706551062425,141.13702935342334
394404,10,"Boston, MA",msa,MA,2024-07-31,3061.945333733937,713032.842372656,125.83493846992073,141.4630146659617
394404,10,"Boston, MA",msa,MA,2024-08-31,3045.922791569043,714763.0935446337,125.17646962488998,141.8062899435812
394404,10,"Boston, MA",msa,MA,2024-09-30,3030.864390740102,716886.80748226994,124.5576235204579,142.22762674330903
394404,10,"Boston, MA",msa,MA,2024-10-31,3014.263699211358,718736.302082153,123.87539481635162,142.59455946528195
394404,10,"Boston, MA",msa,MA,2024-11-30,3023.421833842677,720333.1483297101,124.25176120510942,142.9113677112889
394404,10,"Boston, MA",msa,MA,2024-12-31,3033.494129395715,722124.8279279092,124.66569631923564,143.26683015595464
394404,10,"Boston, MA",msa,MA,2025-01-31,3057.1665925603465,723800.8584988927,125.63854939826832,143.59934827174675
394404,10,"Boston, MA",msa,MA,2025-02-28,3073.4643552393027,725465.6906009199,126.30832881637535,143.9296446537223
394404,10,"Boston, MA",msa,MA,2025-03-31,3097.7365991919805,725878.4361243611,127.30583072820325,144.01153180192375
394404,10,"Boston, MA",msa,MA,2025-04-30,3114.9790333816727,726013.7539550439,128.01443274713142,144.0383783468918
394404,10,"Boston, MA",msa,MA,2025-05-31,3133.709150646116,724997.9844037873,128.78417318878442,143.83685351607406
394404,10,"Boston, MA",msa,MA,2025-06-30,3139.5890613048637,724006.2431199382,129.02581636503595,143.64009580248103
394404,10,"Boston, MA",msa,MA,2025-07-31,3136.094586974473,723422.1894108895,128.8822060407415,143.52422175924067
394404,10,"Boston, MA",msa,MA,2025-08-31,3125.8436301940615,723678.3625177712,128.4609285928689,143.57504553315727
394404,10,"Boston, MA",msa,MA,2025-09-30,3112.323472999391,725125.5542751673,127.90529876827621,143.86216289526885
394404,10,"Boston, MA",msa,MA,2025-10-31,3102.4164824565155,727712.1221727482,127.4981570954154,144.37532816716913
394404,10,"Boston, MA",msa,MA,2025-11-30,3096.256464178004,730780.8646022916,127.24500250362362,144.98415503953595
394404,10,"Boston, MA",msa,MA,2025-12-31,3100.8420948960816,733780.1384770405,127.43345543023136,145.57919961380688
394404,10,"Boston, MA",msa,MA,2026-01-31,3115.7065102696447,735772.6221072039,128.04432943027194,145.97450081768636
394404,10,"Boston, MA",msa,MA,2026-02-28,3132.8045724452077,736889.516326547,128.74699827876935,146.19608839955075
394404,10,"Boston, MA",msa,MA,2026-03-31,3159.876495009262,737451.7321512835,129.85955691023128,146.30762988927438
394404,10,"Boston, MA",msa,MA,2026-04-30,3183.8775096569293,736881.3139864132,130.84591227331737,146.19446108634202
394530,19,"Denver, CO",msa,CO,2020-01-31,1566.322706533192,444563.76272378344,100,100
394530,19,"Denver, CO",msa,CO,2020-02-29,1571.2694250674288,447392.0590432821,100.31581732893251,100.63619587484371
394530,19,"Denver, CO",msa,CO,2020-03-31,1577.507144941341,450809.62835974153,100.71405709446068,101.40494258859303
394530,19,"Denver, CO",msa,CO,2020-04-30,1571.8852781495243,454153.0159185923,100.35513573244712,102.15700288661782
394530,19,"Denver, CO",msa,CO,2020-05-31,1566.725927750459,455581.0350661602,100.0257431763956,102.47822095864841
394530,19,"Denver, CO",msa,CO,2020-06-30,1563.8593383064592,455577.3468109925,99.84272920155865,102.4773913239645
394530,19,"Denver, CO",msa,CO,2020-07-31,1573.0507846505284,455434.6896571336,100.42954610114974,102.44530207922153
394530,19,"Denver, CO",msa,CO,2020-08-31,1577.4115588103948,457184.8152902199,100.7079545122439,102.83897465891259
394530,19,"Denver, CO",msa,CO,2020-09-30,1577.7304931493682,461365.2627808857,100.72831649369532,103.7793228926626
394530,19,"Denver, CO",msa,CO,2020-10-31,1570.0801415596193,467154.9044205398,100.23988894566584,105.08164263284606
394530,19,"Denver, CO",msa,CO,2020-11-30,1562.1721292424434,473763.3787670624,99.73501135663574,106.56815028385958
394530,19,"Denver, CO",msa,CO,2020-12-31,1557.72670121946,480089.6067592937,99.45119832089021,107.99116954963853
394530,19,"Denver, CO",msa,CO,2021-01-31,1562.2908483085885,486039.04044369026,99.74259083343512,109.32943285026052
394530,19,"Denver, CO",msa,CO,2021-02-28,1574.0829582433464,492917.255807196,100.49544398978487,110.87661594079488
394530,19,"Denver, CO",msa,CO,2021-03-31,1589.8230000699134,501712.9665187166,101.50034813635152,112.85511968964532
394530,19,"Denver, CO",msa,CO,2021-04-30,1612.6971199639347,512129.8033937776,102.9607189653392,115.19827892764492
394530,19,"Denver, CO",msa,CO,2021-05-31,1643.4056910414663,523224.0708565729,104.92127096075146,117.69381913875483
394530,19,"Denver, CO",msa,CO,2021-06-30,1680.096218565093,533767.5021653281,107.26373381151582,120.0654544794666
394530,19,"Denver, CO",msa,CO,2021-07-31,1715.9867654962295,541941.6507936418,109.55512285806641,121.9041442949009
394530,19,"Denver, CO",msa,CO,2021-08-31,1745.1554725735732,547039.9613395802,111.41736407794274,123.05095628756123
394530,19,"Denver, CO",msa,CO,2021-09-30,1763.893013436241,549624.2901154672,112.61363996569645,123.63227419796696
394530,19,"Denver, CO",msa,CO,2021-10-31,1766.6261777760503,552456.0044185481,112.78813557432225,124.2692389127092
394530,19,"Denver, CO",msa,CO,2021-11-30,1766.133976141399,556806.2720782538,112.75671154959232,125.24778642927966
394530,19,"Denver, CO",msa,CO,2021-12-31,1765.1478966259224,562521.5665688495,112.69375648220017,126.53338255065015
394530,19,"Denver, CO",msa,CO,2022-01-31,1775.3737850074822,570998.3356165373,113.34661609656362,128.4401436856
394530,19,"Denver, CO",msa,CO,2022-02-28,1789.4281515111843,582646.686238208,114.24390031807692,131.06031914711372
394530,19,"Denver, CO",msa,CO,2022-03-31,1811.608642247252,597136.637932997,115.65998722300091,134.31968324957924
394530,19,"Denver, CO",msa,CO,2022-04-30,1834.615545329856,611080.4207087656,117.12883543586543,137.45619232767797
394530,19,"Denver, CO",msa,CO,2022-05-31,1859.938582981586,621814.818433749,118.74555449038124,139.8707835798338
394530,19,"Denver, CO",msa,CO,2022-06-30,1878.7359125667356,627721.8470714266,119.94564751761921,141.19950830572822
394530,19,"Denver, CO",msa,CO,2022-07-31,1892.4018930010131,627316.1887186617,120.81813569500923,141.10825967352315
394530,19,"Denver, CO",msa,CO,2022-08-31,1892.2701196820983,621778.2605422685,120.80972278505362,139.86256026193303
394530,19,"Denver, CO",msa,CO,2022-09-30,1885.0773151671265,613786.3535296695,120.35050678282302,138.06486380470636
394530,19,"Denver, CO",msa,CO,2022-10-31,1874.9624663960471,607409.7372099656,119.70473635959607,136.63051020812995
394530,19,"Denver, CO",msa,CO,2022-11-30,1861.5322959307537,602642.7285305948,118.84730318766567,135.5582211285694
394530,19,"Denver, CO",msa,CO,2022-12-31,1851.5627987893888,598668.9257827118,118.21081256540873,134.66435548294498
394530,19,"Denver, CO",msa,CO,2023-01-31,1850.1224688942848,594340.9847048443,118.11885642577695,133.69083009901564
394530,19,"Denver, CO",msa,CO,2023-02-28,1862.0998409226036,590602.9283901957,118.88353741893121,132.84999316445624
394530,19,"Denver, CO",msa,CO,2023-03-31,1885.541243757149,587573.4403937692,120.38012574883095,132.16854131200085
394530,19,"Denver, CO",msa,CO,2023-04-30,1900.8661994540944,586032.2790725888,121.35852921786223,131.82187308341247
394530,19,"Denver, CO",msa,CO,2023-05-31,1917.1079692470228,586196.7442665076,122.39546558641408,131.85886782021043
394530,19,"Denver, CO",msa,CO,2023-06-30,1926.1437695957773,588079.9503045529,122.97234545357465,132.28247545446908
394530,19,"Denver, CO",msa,CO,2023-07-31,1934.1256834079095,590704.5294616922,123.48194119516987,132.8728472699897
394530,19,"Denver, CO",msa,CO,2023-08-31,1937.856688001927,593446.1561079033,123.72014272148724,133.48954770220973
394530,19,"Denver, CO",msa,CO,2023-09-30,1933.7323685915785,595821.382485009,123.45683048109477,134.0238302003047
394530,19,"Denver, CO",msa,CO,2023-10-31,1925.1233783153864,597630.5886678301,122.90719979258571,134.43079233589046
394530,19,"Denver, CO",msa,CO,2023-11-30,1912.274153739069,598328.6645077043,122.08685641617147,134.58781724399302
394530,19,"Denver, CO",msa,CO,2023-12-31,1900.1549969177097,598435.2430893857,121.31312334246897,134.61179098873285
394530,19,"Denver, CO",msa,CO,2024-01-31,1903.32211822972,597956.2971026856,121.51532441500659,134.50405706463485
394530,19,"Denver, CO",msa,CO,2024-02-29,1911.6596119210285,597849.5090499115,122.04762172874229,134.4800362015488
394530,19,"Denver, CO",msa,CO,2024-03-31,1929.4624580313089,598324.2142951554,123.18422314785113,134.5868162149119
394530,19,"Denver, CO",msa,CO,2024-04-30,1941.2288706223987,599535.3696527088,123.9354356880264,134.8592530303043
394530,19,"Denver, CO",msa,CO,2024-05-31,1955.405872868196,600245.921619566,124.84054944183104,135.01908431356136
394530,19,"Denver, CO",msa,CO,2024-06-30,1963.121784324367,599879.4761137669,125.3331625811278,134.93665620391204
394530,19,"Denver, CO",msa,CO,2024-07-31,1969.0295769988488,599336.4616265739,125.71033853917528,134.81451073621443
394530,19,"Denver, CO",msa,CO,2024-08-31,1966.9547458197512,599235.1095451353,125.57787342388049,134.7917126384078
394530,19,"Denver, CO",msa,CO,2024-09-30,1958.6529786232547,599941.8458906614,125.04785702548,134.95068563728563
394530,19,"Denver, CO",msa,CO,2024-10-31,1936.841233714743,600651.5268252942,123.65531225692534,135.11032099089266
394530,19,"Denver, CO",msa,CO,2024-11-30,1911.9458972053428,601614.2321209967,122.06589927034469,135.32687154593657
394530,19,"Denver, CO",msa,CO,2024-12-31,1888.4345456531637,602443.8537410656,120.56484514822078,135.51348631070866
394530,19,"Denver, CO",msa,CO,2025-01-31,1882.284363578441,602532.7298969947,120.17219412879354,135.53347807868016
394530,19,"Denver, CO",msa,CO,2025-02-28,1885.2497277758764,600904.0174842755,120.36151425963675,135.16711614158922
394530,19,"Denver, CO",msa,CO,2025-03-31,1899.759643902294,597398.9261310514,121.28788250201083,134.37868225490695
394530,19,"Denver, CO",msa,CO,2025-04-30,1916.071185934026,593416.3478982396,122.329273395707,133.48284265511344
394530,19,"Denver, CO",msa,CO,2025-05-31,1929.569910911822,589373.4269539634,123.19108334850233,132.57342958925625
394530,19,"Denver, CO",msa,CO,2025-06-30,1937.5915235236785,586131.2188079455,123.70321361248931,131.84412854902905
394530,19,"Denver, CO",msa,CO,2025-07-31,1936.1462925881456,583580.2263673124,123.61094457179259,131.2703093009186
394530,19,"Denver, CO",msa,CO,2025-08-31,1929.64575617846,582388.1570968564,123.19592559884585,131.00216570253974
394530,19,"Denver, CO",msa,CO,2025-09-30,1915.9796169501835,582337.7847475758,122.32342728344288,130.99083496587062
394530,19,"Denver, CO",msa,CO,2025-10-31,1897.403268680894,582889.7198064064,121.13744254403976,131.11498702348524
394530,19,"Denver, CO",msa,CO,2025-11-30,1879.0181820875284,583437.1080311305,119.96366867760212,131.23811631800316
394530,19,"Denver, CO",msa,CO,2025-12-31,1862.9519982819272,583671.3201171202,118.93794238642414,131.29079989359528
394530,19,"Denver, CO",msa,CO,2026-01-31,1860.11643939732,583142.7549631078,118.75690952054153,131.17190465328733
394530,19,"Denver, CO",msa,CO,2026-02-28,1865.319792491954,581553.52294346,119.08911137606788,130.81442342046918
394530,19,"Denver, CO",msa,CO,2026-03-31,1876.0440727744792,578673.127295246,119.773790225311,130.1665083428735
394530,19,"Denver, CO",msa,CO,2026-04-30,1887.0441110005331,575129.7125069575,120.47607451067393,129.3694539976029
394856,8,"Miami, FL",msa,FL,2020-01-31,1740.815309859398,305760.6626383671,100,100
394856,8,"Miami, FL",msa,FL,2020-02-29,1743.182387361866,307993.2808684557,100.13597522316478,100.730184913528
394856,8,"Miami, FL",msa,FL,2020-03-31,1744.385822604731,309918.5342486235,100.2051057757311,101.35984517248839
394856,8,"Miami, FL",msa,FL,2020-04-30,1738.4723299565892,310890.5292377863,99.86540904772959,101.6777392340644
394856,8,"Miami, FL",msa,FL,2020-05-31,1729.906848142761,310806.48821503384,99.37337053190795,101.65025334950775
394856,8,"Miami, FL",msa,FL,2020-06-30,1728.3891041801478,310343.9574373282,99.28618471994862,101.4989811833257
394856,8,"Miami, FL",msa,FL,2020-07-31,1733.772068598105,310409.5155990428,99.59540559981278,101.52042218922519
394856,8,"Miami, FL",msa,FL,2020-08-31,1739.1544801176908,311799.7799770716,99.90459471879063,101.97511258858279
394856,8,"Miami, FL",msa,FL,2020-09-30,1744.55824959675,314394.3922889397,100.21501073181935,102.82368882120849
394856,8,"Miami, FL",msa,FL,2020-10-31,1757.0969450376078,317625.54151797324,100.93528791285303,103.8804464829536
394856,8,"Miami, FL",msa,FL,2020-11-30,1774.853294511126,321589.10524823284,101.95528982649384,105.17674264350563
394856,8,"Miami, FL",msa,FL,2020-12-31,1790.9042862567003,325654.55046963255,102.87732857780001,106.50635947070622
394856,8,"Miami, FL",msa,FL,2021-01-31,1806.6540899668723,329792.1231753686,103.78206577886726,107.85956582172386
394856,8,"Miami, FL",msa,FL,2021-02-28,1829.0114317180028,333731.97625008016,105.06636869282406,109.14810733674909
394856,8,"Miami, FL",msa,FL,2021-03-31,1857.161895783926,337794.34854081733,106.68345373949664,110.47671915217474
394856,8,"Miami, FL",msa,FL,2021-04-30,1890.8417636970337,342128.95671376813,108.61817178352786,111.8943665812286
394856,8,"Miami, FL",msa,FL,2021-05-31,1930.0216503402771,347315.66950087505,110.86883481603576,113.59069754229843
394856,8,"Miami, FL",msa,FL,2021-06-30,1979.6964702507823,353435.25570026366,113.72237244459198,115.5921277284393
394856,8,"Miami, FL",msa,FL,2021-07-31,2044.33222625084,359699.1359624678,117.43533128830057,117.64074974807843
394856,8,"Miami, FL",msa,FL,2021-08-31,2108.457326791993,365167.5022107466,121.11895586225565,119.42919637201396
394856,8,"Miami, FL",msa,FL,2021-09-30,2166.0402528258783,369632.24423109886,124.42676948887961,120.88940449094811
394856,8,"Miami, FL",msa,FL,2021-10-31,2207.1795733624913,373923.26885975065,126.78999092331975,122.29279778282063
394856,8,"Miami, FL",msa,FL,2021-11-30,2251.6146720948054,378961.679614837,129.34253618648745,123.94062609127947
394856,8,"Miami, FL",msa,FL,2021-12-31,2296.9958169431115,384733.50996458787,131.94942645171446,125.82832161756023
394856,8,"Miami, FL",msa,FL,2022-01-31,2338.3687694638675,392471.1114502619,134.32606872309347,128.3589288640606
394856,8,"Miami, FL",msa,FL,2022-02-28,2370.9124801035146,401554.4470240258,136.19552095362766,131.32966273655583
394856,8,"Miami, FL",msa,FL,2022-03-31,2406.6192263914277,412323.7997721525,138.24667170383543,134.85181390381175
394856,8,"Miami, FL",msa,FL,2022-04-30,2447.68443572191,423457.97950068023,140.60563586837966,138.49328289869567
394856,8,"Miami, FL",msa,FL,2022-05-31,2487.663492036417,434031.4165823958,142.90220668138198,141.95135922234005
394856,8,"Miami, FL",msa,FL,2022-06-30,2514.6731951323013,443538.8171715977,144.45376145821044,145.06078491077358
394856,8,"Miami, FL",msa,FL,2022-07-31,2534.5952203508596,450523.7824363395,145.59816920242812,147.34524008053592
394856,8,"Miami, FL",msa,FL,2022-08-31,2541.954920618138,454811.8823064755,146.0209423837987,148.74767682080673
394856,8,"Miami, FL",msa,FL,2022-09-30,2550.0045517896224,456447.17531049694,146.4833481959428,149.2825046138625
394856,8,"Miami, FL",msa,FL,2022-10-31,2552.518695783644,457349.442486157,146.62777155778838,149.57759397162178
394856,8,"Miami, FL",msa,FL,2022-11-30,2558.897616542761,458257.4903423703,146.9942045000419,149.87457391939463
394856,8,"Miami, FL",msa,FL,2022-12-31,2561.4030353494004,459443.0994434557,147.13812664918945,150.26233115763938
394856,8,"Miami, FL",msa,FL,2023-01-31,2562.540732372844,460003.07678488054,147.2034809126199,150.4454735333109
394856,8,"Miami, FL",msa,FL,2023-02-28,2564.110495889007,460259.11947305035,147.2936549539023,150.5292131111756
394856,8,"Miami, FL",msa,FL,2023-03-31,2569.897957303344,460860.30613004294,147.62611189988382,150.72583312494882
394856,8,"Miami, FL",msa,FL,2023-04-30,2575.357675488558,462453.24501278694,147.93974184984415,151.24680886754396
394856,8,"Miami, FL",msa,FL,2023-05-31,2581.4754263348727,465060.8674501076,148.29117205680902,152.0996401031973
394856,8,"Miami, FL",msa,FL,2023-06-30,2584.435945574662,468699.2399332265,148.46123715349228,153.28958142911014
394856,8,"Miami, FL",msa,FL,2023-07-31,2588.361427659161,472463.2393345479,148.68673391137727,154.52060943933304
394856,8,"Miami, FL",msa,FL,2023-08-31,2592.558030426389,476229.2205482516,148.92780502003885,155.75228560761693
394856,8,"Miami, FL",msa,FL,2023-09-30,2596.531482027118,479225.6350475816,149.15605735549477,156.73227252727963
394856,8,"Miami, FL",msa,FL,2023-10-31,2603.50572369614,482145.6201023355,149.5566881191101,157.6872629533069
394856,8,"Miami, FL",msa,FL,2023-11-30,2605.1929806684893,485105.0078842686,149.65361149534613,158.6551401669409
394856,8,"Miami, FL",msa,FL,2023-12-31,2600.8726362199413,487844.7784636864,149.40543212651366,159.55119087397975
394856,8,"Miami, FL",msa,FL,2024-01-31,2599.354575150792,490279.6643849574,149.3182280985762,160.34752808108178
394856,8,"Miami, FL",msa,FL,2024-02-29,2604.7574730457386,492255.921216974,149.62859404402408,160.99386918165493
394856,8,"Miami, FL",msa,FL,2024-03-31,2614.7815873852496,494449.6563599156,150.204422753867,161.71133725750622
394856,8,"Miami, FL",msa,FL,2024-04-30,2622.0925657403673,496472.31280296034,150.62439713677313,162.37285349886685
394856,8,"Miami, FL",msa,FL,2024-05-31,2625.32763972634,498197.1904188434,150.81023385176812,162.9369802249798
394856,8,"Miami, FL",msa,FL,2024-06-30,2629.23862034905,498774.7226715099,151.03489758263947,163.12586399036775
394856,8,"Miami, FL",msa,FL,2024-07-31,2634.749390248577,498969.6539016291,151.35146016502924,163.18961687094995
394856,8,"Miami, FL",msa,FL,2024-08-31,2640.018750612837,498989.9130939708,151.65415513412884,163.196242704426
394856,8,"Miami, FL",msa,FL,2024-09-30,2645.342612628176,499046.9904496556,151.95998091502508,163.21491003566226
394856,8,"Miami, FL",msa,FL,2024-10-31,2646.3578411963226,498594.6820591436,152.01830005792306,163.06698113381822
394856,8,"Miami, FL",msa,FL,2024-11-30,2645.5327264210123,497612.26623915386,151.9709018778498,162.74567890628094
394856,8,"Miami, FL",msa,FL,2024-12-31,2644.3697948639096,496754.73091856507,151.90409803309288,162.4652192444038
394856,8,"Miami, FL",msa,FL,2025-01-31,2645.750787623011,496129.6788962598,151.98342826136465,162.2607939867818
394856,8,"Miami, FL",msa,FL,2025-02-28,2649.4899599337064,495374.0391956161,152.19822257581708,162.01365961242396
394856,8,"Miami, FL",msa,FL,2025-03-31,2654.733664069778,493388.6971001664,152.4994437396231,161.3643471474658
394856,8,"Miami, FL",msa,FL,2025-04-30,2658.0786866155936,490738.97892234375,152.69159637792254,160.49774836560857
394856,8,"Miami, FL",msa,FL,2025-05-31,2660.147630603505,487485.22424611374,152.81044551580604,159.4335975202533
394856,8,"Miami, FL",msa,FL,2025-06-30,2661.381188116301,484251.5379436233,152.8813064225208,158.37601010054163
394856,8,"Miami, FL",msa,FL,2025-07-31,2663.3301675432376,480653.4439359379,152.99326427444788,157.19924197849545
394856,8,"Miami, FL",msa,FL,2025-08-31,2665.3433595574375,477678.2177566616,153.10891077656663,156.22618476649066
394856,8,"Miami, FL",msa,FL,2025-09-30,2665.017211630416,475670.0652605228,153.09017542163411,155.56941208722884
394856,8,"Miami, FL",msa,FL,2025-10-31,2663.9788272265932,474720.2827144768,153.0305261068595,155.25878267602516
394856,8,"Miami, FL",msa,FL,2025-11-30,2663.0356834938543,474003.2135778948,152.97634783031305,155.02426292767214
394856,8,"Miami, FL",msa,FL,2025-12-31,2661.1084491815573,473538.51368345186,152.8656391123128,154.87228134494234
394856,8,"Miami, FL",msa,FL,2026-01-31,2660.089515858718,473385.1109115149,152.807107152198,154.82211047907185
394856,8,"Miami, FL",msa,FL,2026-02-28,2664.472462526571,473629.41966403,153.05888266468511,154.902012435853
394856,8,"Miami, FL",msa,FL,2026-03-31,2673.5325762620237,473926.3840702516,153.57933498861286,154.9991355921345
394856,8,"Miami, FL",msa,FL,2026-04-30,2682.930680825922,473724.69071001984,154.11920297522067,154.93317113532984
394913,1,"New York, NY",msa,NY,2020-01-31,2511.8586973260135,504230.03530262894,100,100
394913,1,"New York, NY",msa,NY,2020-02-29,2524.949201621635,506483.2990759864,100.5211481167136,100.4468721844396
394913,1,"New York, NY",msa,NY,2020-03-31,2533.684174423048,509074.98746226216,100.86889748695931,100.96086147599783
394913,1,"New York, NY",msa,NY,2020-04-30,2527.6437096397544,511431.4047649694,100.62841959742978,101.42819129328906
394913,1,"New York, NY",msa,NY,2020-05-31,2512.669281003455,513299.0012835268,100.03227027373414,101.79857710686649
394913,1,"New York, NY",msa,NY,2020-06-30,2491.048831171216,513642.04278924904,99.17153515932443,101.86660984623242
394913,1,"New York, NY",msa,NY,2020-07-31,2467.3688727518374,512721.2670787035,98.22880862599726,101.6839995997022
394913,1,"New York, NY",msa,NY,2020-08-31,2422.3819653922596,512032.86636310053,96.43782781137308,101.5474744688282
394913,1,"New York, NY",msa,NY,2020-09-30,2371.823952271752,513715.1270712944,94.42505483276847,101.8811040803971
394913,1,"New York, NY",msa,NY,2020-10-31,2331.1147157723144,517442.7133023453,92.80437304271497,102.62036710918785
394913,1,"New York, NY",msa,NY,2020-11-30,2300.323302641791,522839.25958102074,91.57853127210494,103.69062193354328
394913,1,"New York, NY",msa,NY,2020-12-31,2287.4433144873756,529175.150579134,91.06576404645938,104.9471696507594
394913,1,"New York, NY",msa,NY,2021-01-31,2286.9451886672136,535205.2546349459,91.04593308141774,106.14307303485526
394913,1,"New York, NY",msa,NY,2021-02-28,2301.21103823281,541509.0718575167,91.61387305275383,107.39325981097369
394913,1,"New York, NY",msa,NY,2021-03-31,2322.2587240984844,547360.9375929307,92.45180577118582,108.55381458274604
394913,1,"New York, NY",msa,NY,2021-04-30,2348.544918670706,553226.110109022,93.49828958017574,109.71700838427576
394913,1,"New York, NY",msa,NY,2021-05-31,2391.317120502009,558881.343055796,95.20110040615236,110.83856651267638
394913,1,"New York, NY",msa,NY,2021-06-30,2444.243482634784,563953.1127928628,97.30816009820899,111.84441094517292
394913,1,"New York, NY",msa,NY,2021-07-31,2505.6409742365436,568181.6214278458,99.75246525228155,112.68301799729848
394913,1,"New York, NY",msa,NY,2021-08-31,2564.2185130871912,570726.4714434253,102.08450482572596,113.18771820105609
394913,1,"New York, NY",msa,NY,2021-09-30,2612.230492172805,572280.0740159546,103.99591724461419,113.49583205064002
394913,1,"New York, NY",msa,NY,2021-10-31,2645.0526587397408,574471.9842745734,105.30260565833254,113.93053647226441
394913,1,"New York, NY",msa,NY,2021-11-30,2666.86293620122,577988.8824281427,106.17089803022021,114.62801538215493
394913,1,"New York, NY",msa,NY,2021-12-31,2686.7647841176195,581954.3399607438,106.96321361459549,115.4144535661122
394913,1,"New York, NY",msa,NY,2022-01-31,2711.3889749042405,586169.9440892393,107.94353113057818,116.25050136837478
394913,1,"New York, NY",msa,NY,2022-02-28,2743.0900238084923,590810.7896543428,109.20558655344088,117.17088397952134
394913,1,"New York, NY",msa,NY,2022-03-31,2780.3780344817674,597137.5524297935,110.69006538630558,118.42562136771629
394913,1,"New York, NY",msa,NY,2022-04-30,2819.7986040667984,603794.2725048279,112.25944385600195,119.74579660698762
394913,1,"New York, NY",msa,NY,2022-05-31,2869.1975618527117,610511.2409326395,114.22607350115281,121.0779204309443
394913,1,"New York, NY",msa,NY,2022-06-30,2921.373973474974,616656.6449116507,116.30327679598011,122.29669034720342
394913,1,"New York, NY",msa,NY,2022-07-31,2967.98881295549,620567.393757139,118.15906747123346,123.07227858504832
394913,1,"New York, NY",msa,NY,2022-08-31,2995.0382486126373,621294.5733131442,119.23593679059216,123.2164944201024
394913,1,"New York, NY",msa,NY,2022-09-30,2999.3268898589104,618770.0366407732,119.40667255892335,122.71582280286013
394913,1,"New York, NY",msa,NY,2022-10-31,2985.739537251811,616187.1117504854,118.8657443362664,122.20357150693373
394913,1,"New York, NY",msa,NY,2022-11-30,2960.770936952575,614148.3819380067,117.8717154792365,121.7992461653751
394913,1,"New York, NY",msa,NY,2022-12-31,2942.331543779452,612708.7471247102,117.13762190969167,121.51373465029201
394913,1,"New York, NY",msa,NY,2023-01-31,2940.5032317396713,611882.8040102884,117.0648346927305,121.34993181099345
394913,1,"New York, NY",msa,NY,2023-02-28,2953.7978482515364,610514.8609933989,117.5941087528525,121.07863836928713
394913,1,"New York, NY",msa,NY,2023-03-31,2979.676864925961,610832.822233978,118.62438233878207,121.14169713578609
394913,1,"New York, NY",msa,NY,2023-04-30,3010.8975297256825,612857.1038865158,119.86731311482284,121.5431570867632
394913,1,"New York, NY",msa,NY,2023-05-31,3045.589587878382,616920.274065999,121.24844407531955,122.34897385589805
394913,1,"New York, NY",msa,NY,2023-06-30,3074.40901307674,621124.1007914256,122.39577872551455,123.18268593790513
394913,1,"New York, NY",msa,NY,2023-07-31,3095.5795705781657,624755.7372161507,123.23860310588128,123.90291999190104
394913,1,"New York, NY",msa,NY,2023-08-31,3105.7003274556023,628082.01912995975,123.64152214301545,124.56259547351188
394913,1,"New York, NY",msa,NY,2023-09-30,3104.908465649872,630831.070805896,123.60999720864821,125.10779339578286
394913,1,"New York, NY",msa,NY,2023-10-31,3091.299187467073,633197.339033719,123.06819610346314,125.57707687002153
394913,1,"New York, NY",msa,NY,2023-11-30,3072.08070634115,635528.5550089062,122.30308614141066,126.0394087050912
394913,1,"New York, NY",msa,NY,2023-12-31,3060.220405084703,638314.7849828278,121.83091383056082,126.59197990848044
394913,1,"New York, NY",msa,NY,2024-01-31,3065.440927026315,641223.118799548,122.03874884720285,127.16876701220279
394913,1,"New York, NY",msa,NY,2024-02-29,3083.563717429872,645294.4312774041,122.760238094303,127.97619857970402
394913,1,"New York, NY",msa,NY,2024-03-31,3111.1523164982536,650735.0278932761,123.85857213266873,129.0551895629775
394913,1,"New York, NY",msa,NY,2024-04-30,3138.2648266503443,656885.3246091165,124.93795252062421,130.2749298174725
394913,1,"New York, NY",msa,NY,2024-05-31,3168.1240686193555,661575.9117931976,126.12668347912906,131.20517729494887
394913,1,"New York, NY",msa,NY,2024-06-30,3195.6173935776883,664677.6268303351,127.22122454497806,131.82031618394345
394913,1,"New York, NY",msa,NY,2024-07-31,3212.852260029266,667442.9115887833,127.90736451256161,132.36873348653202
394913,1,"New York, NY",msa,NY,2024-08-31,3219.1207307871705,671211.1003054773,128.1569195836561,133.11604888880322
394913,1,"New York, NY",msa,NY,2024-09-30,3210.0572989079074,675265.0475144825,127.7960938776197,133.92003653832356
394913,1,"New York, NY",msa,NY,2024-10-31,3197.141410143875,678813.1376600214,127.28189740718202,134.62370151207102
394913,1,"New York, NY",msa,NY,2024-11-30,3188.026772303498,681602.5064331456,126.91903313260798,135.17689520896175
394913,1,"New York, NY",msa,NY,2024-12-31,3183.9065472613593,683398.8090115286,126.7550022081565,135.53314185287795
394913,1,"New York, NY",msa,NY,2025-01-31,3194.095563642051,684477.7861889767,127.16063873506536,135.7471269592591
394913,1,"New York, NY",msa,NY,2025-02-28,3211.0713549680704,685768.5867569925,127.83646462224966,136.0031213423071
394913,1,"New York, NY",msa,NY,2025-03-31,3239.402592977848,687463.7208094791,128.9643639758215,136.3393040235846
394913,1,"New York, NY",msa,NY,2025-04-30,3267.4652237940145,689895.2746069907,130.0815697663399,136.82153507434938
394913,1,"New York, NY",msa,NY,2025-05-31,3295.0040678276446,691661.7840476776,131.17792299922462,137.17187307823818
394913,1,"New York, NY",msa,NY,2025-06-30,3326.462804294162,693135.4980043112,132.43033168367836,137.4641432433324
394913,1,"New York, NY",msa,NY,2025-07-31,3357.470159431148,694306.5230036149,133.66477035532796,137.69638347444052
394913,1,"New York, NY",msa,NY,2025-08-31,3378.6720872811698,695095.5036037574,134.50884362555578,137.85285582731595
394913,1,"New York, NY",msa,NY,2025-09-30,3376.806363486367,696494.2863606652,134.4345670033561,138.13026547350418
394913,1,"New York, NY",msa,NY,2025-10-31,3364.2351435882565,698826.8209958137,133.93409219912076,138.59285882809255
394913,1,"New York, NY",msa,NY,2025-11-30,3343.2910807304256,702164.8186509489,133.10028483248317,139.2548578010676
394913,1,"New York, NY",msa,NY,2025-12-31,3331.242879843915,705580.4795484334,132.62063202003253,139.93225911759856
394913,1,"New York, NY",msa,NY,2026-01-31,3328.5705398569007,708640.1350144469,132.5142430742746,140.53905666074314
394913,1,"New York, NY",msa,NY,2026-02-28,3345.9393433315217,712208.505439492,133.2057152296594,141.2467436637404
394913,1,"New York, NY",msa,NY,2026-03-31,3375.212381201241,715991.5621874946,134.3711087249576,141.99700772639824
394913,1,"New York, NY",msa,NY,2026-04-30,3406.042087660844,718396.8230765726,135.59847499728903,142.4740243102347
394976,11,"Phoenix, AZ",msa,AZ,2020-01-31,1276.929762833632,300070.58945890673,100,100
394976,11,"Phoenix, AZ",msa,AZ,2020-02-29,1287.13696964192,303337.0482407265,100.79935538393569,101.0885634569219
394976,11,"Phoenix, AZ",msa,AZ,2020-03-31,1293.8672911951014,307128.1831175733,101.32642599886492,102.35197780342051
394976,11,"Phoenix, AZ",msa,AZ,2020-04-30,1294.4144234143646,310513.02606675954,101.3692734784357,103.47999336645515
394976,11,"Phoenix, AZ",msa,AZ,2020-05-31,1293.7695900354142,312839.6993737624,101.31877474328839,104.25536869104073
394976,11,"Phoenix, AZ",msa,AZ,2020-06-30,1298.5643224034122,314361.94796907686,101.6942638663047,104.7626655234492
394976,11,"Phoenix, AZ",msa,AZ,2020-07-31,1312.4487165988514,316014.9267488262,102.78159024866017,105.31352883288916
394976,11,"Phoenix, AZ",msa,AZ,2020-08-31,1329.2571603395093,318878.09469913953,104.09790726388566,106.26769363640298
394976,11,"Phoenix, AZ",msa,AZ,2020-09-30,1344.9749517117584,323461.9847781093,105.32881219144956,107.7952975536131
394976,11,"Phoenix, AZ",msa,AZ,2020-10-31,1358.95668508564,328948.20196695905,106.42376148160118,109.62360641878466
394976,11,"Phoenix, AZ",msa,AZ,2020-11-30,1371.3929439552087,334967.219184913,107.397680269583,111.62947351452621
394976,11,"Phoenix, AZ",msa,AZ,2020-12-31,1381.2832098707772,340823.9564975161,108.17221511115653,113.58126003354631
394976,11,"Phoenix, AZ",msa,AZ,2021-01-31,1393.887014954598,346638.4878300607,109.15925491950524,115.51898120209853
394976,11,"Phoenix, AZ",msa,AZ,2021-02-28,1407.5195593783174,352803.0518193301,110.22685823023608,117.57335247533307
394976,11,"Phoenix, AZ",msa,AZ,2021-03-31,1430.0186661092891,360174.9977959925,111.98882724261496,120.03008973504107
394976,11,"Phoenix, AZ",msa,AZ,2021-04-30,1457.822337430829,368796.13049369614,114.16621178879713,122.90312461435047
394976,11,"Phoenix, AZ",msa,AZ,2021-05-31,1496.2017927487925,379132.4591589064,117.17181604637162,126.34775698696951
394976,11,"Phoenix, AZ",msa,AZ,2021-06-30,1540.2266541355705,390447.9287217629,120.61952810291281,130.1186928801741
394976,11,"Phoenix, AZ",msa,AZ,2021-07-31,1586.6694778153137,401693.7009446908,124.2565976608094,133.86640179200265
394976,11,"Phoenix, AZ",msa,AZ,2021-08-31,1627.760592734223,411606.3620808277,127.47455969089978,137.16984487651538
394976,11,"Phoenix, AZ",msa,AZ,2021-09-30,1657.3206782486811,419922.9231983559,129.78949402596152,139.94137977852787
394976,11,"Phoenix, AZ",msa,AZ,2021-10-31,1678.1357889547849,427356.52826900774,131.41958452208345,142.41866523461215
394976,11,"Phoenix, AZ",msa,AZ,2021-11-30,1690.338050513393,434398.7246036514,132.37517831539674,144.7655118040618
394976,11,"Phoenix, AZ",msa,AZ,2021-12-31,1699.304832844644,440942.08351662266,133.0773925320466,146.9461183489319
394976,11,"Phoenix, AZ",msa,AZ,2022-01-31,1707.1525035239492,447876.7672628714,133.69196593363216,149.2571358194389
394976,11,"Phoenix, AZ",msa,AZ,2022-02-28,1717.4165223698355,455821.80310884624,134.4957704297471,151.90485809715415
394976,11,"Phoenix, AZ",msa,AZ,2022-03-31,1731.7093673279603,465663.30688390863,135.61508375254158,155.18458764106205
394976,11,"Phoenix, AZ",msa,AZ,2022-04-30,1743.5081424149616,476553.5261914232,136.53907937316353,158.81380679484585
394976,11,"Phoenix, AZ",msa,AZ,2022-05-31,1751.4715677879808,487277.8183165236,137.16271785390092,162.3877298988857
394976,11,"Phoenix, AZ",msa,AZ,2022-06-30,1757.2716847516874,496084.0350586632,137.616941502885,165.3224449464414
394976,11,"Phoenix, AZ",msa,AZ,2022-07-31,1762.314337591484,500393.8279451335,138.0118459828782,166.75870462595273
394976,11,"Phoenix, AZ",msa,AZ,2022-08-31,1763.5429136050188,499019.476364268,138.10805926330238,166.30069520112244
394976,11,"Phoenix, AZ",msa,AZ,2022-09-30,1754.706725760342,492661.2885625488,137.4160722721723,164.1817978399434
394976,11,"Phoenix, AZ",msa,AZ,2022-10-31,1742.8400329182512,484724.14055926254,136.48675781906115,161.53670422460488
394976,11,"Phoenix, AZ",msa,AZ,2022-11-30,1731.7227162586723,476179.8787656186,135.61612914525622,158.68928695220538
394976,11,"Phoenix, AZ",msa,AZ,2022-12-31,1727.1631677485636,467799.5729662869,135.2590579387718,155.89650882141845
394976,11,"Phoenix, AZ",msa,AZ,2023-01-31,1725.319404056556,459646.0677259884,135.11466756228657,153.17931309257312
394976,11,"Phoenix, AZ",msa,AZ,2023-02-28,1730.1468864268536,453316.499831341,135.4927214310902,151.06995345620854
394976,11,"Phoenix, AZ",msa,AZ,2023-03-31,1744.4464415462985,449654.8374271101,136.61256024569443,149.849686448091
394976,11,"Phoenix, AZ",msa,AZ,2023-04-30,1751.727819851148,448273.9478427594,137.18278568148438,149.3894982014385
394976,11,"Phoenix, AZ",msa,AZ,2023-05-31,1756.6555196135787,448708.3225283807,137.56868785918095,149.53425570213346
394976,11,"Phoenix, AZ",msa,AZ,2023-06-30,1753.543985881872,450424.9631408181,137.3250148066552,150.1063346304726
394976,11,"Phoenix, AZ",msa,AZ,2023-07-31,1757.9025032837385,453014.956376991,137.66634269552782,150.9694626167385
394976,11,"Phoenix, AZ",msa,AZ,2023-08-31,1757.3149015034833,455918.28064568574,137.62032592958204,151.9370097108839
394976,11,"Phoenix, AZ",msa,AZ,2023-09-30,1753.8032476221697,458375.3134918358,137.34531833061115,152.75582799313565
394976,11,"Phoenix, AZ",msa,AZ,2023-10-31,1744.4815164115687,460481.6349204125,136.61530705811052,153.45776997031336
394976,11,"Phoenix, AZ",msa,AZ,2023-11-30,1735.5687490884588,462136.13707499416,135.9173229103112,154.00914095190976
394976,11,"Phoenix, AZ",msa,AZ,2023-12-31,1728.3254997236352,462973.0627054979,135.35008346021414,154.2880505351558
394976,11,"Phoenix, AZ",msa,AZ,2024-01-31,1729.3099157542115,463347.28085275367,135.4271758782334,154.4127605735273
394976,11,"Phoenix, AZ",msa,AZ,2024-02-29,1736.465133707557,463940.6992658057,135.98752133822703,154.61052017873288
394976,11,"Phoenix, AZ",msa,AZ,2024-03-31,1745.0225167048045,465418.78350185626,136.65767432912122,155.10309902116987
394976,11,"Phoenix, AZ",msa,AZ,2024-04-30,1752.598547509231,467131.2270755845,137.25097483984112,155.67377926571373
394976,11,"Phoenix, AZ",msa,AZ,2024-05-31,1757.1467148276458,468425.6720611232,137.6071547528476,156.10515942458662
394976,11,"Phoenix, AZ",msa,AZ,2024-06-30,1760.0959440321371,468504.1053190949,137.8381172764203,156.13129769362297
394976,11,"Phoenix, AZ",msa,AZ,2024-07-31,1761.42266024347,467807.5156815179,137.94201619474364,155.8991557703398
394976,11,"Phoenix, AZ",msa,AZ,2024-08-31,1760.643971670389,466612.09997261065,137.88103487879772,155.5007776050345
394976,11,"Phoenix, AZ",msa,AZ,2024-09-30,1757.647760143849,465620.3110882477,137.64639303601606,155.1702590806595
394976,11,"Phoenix, AZ",msa,AZ,2024-10-31,1748.98093661105,464884.5882961365,136.96766944564675,154.9250758411298
394976,11,"Phoenix, AZ",msa,AZ,2024-11-30,1739.6450891381835,464268.4943874728,136.236552688516,154.7197595154697
394976,11,"Phoenix, AZ",msa,AZ,2024-12-31,1732.824299953448,463749.4714531856,135.70239729616307,154.5467925695177
394976,11,"Phoenix, AZ",msa,AZ,2025-01-31,1734.233619555384,462876.49662572495,135.81276512084347,154.25586941405788
394976,11,"Phoenix, AZ",msa,AZ,2025-02-28,1742.4202621205009,461428.97543610464,136.4538843744937,153.773475857185
394976,11,"Phoenix, AZ",msa,AZ,2025-03-31,1750.311993407813,459284.0568586931,137.07190828755526,153.05867119029668
394976,11,"Phoenix, AZ",msa,AZ,2025-04-30,1753.5235423025222,457256.9308373819,137.32341381183585,152.38312147215652
394976,11,"Phoenix, AZ",msa,AZ,2025-05-31,1751.862227937138,455237.83814021753,137.19331156081637,151.7102488988046
394976,11,"Phoenix, AZ",msa,AZ,2025-06-30,1750.4293439652702,453369.06755009067,137.08109834333382,151.0874719070652
394976,11,"Phoenix, AZ",msa,AZ,2025-07-31,1749.6132194787092,451399.40246536233,137.0171853145741,150.4310713286946
394976,11,"Phoenix, AZ",msa,AZ,2025-08-31,1746.3097617523415,449745.27255326166,136.75848214839237,149.87982439873608
394976,11,"Phoenix, AZ",msa,AZ,2025-09-30,1743.3109620430948,448651.8995804866,136.52363761766483,149.51545247720034
394976,11,"Phoenix, AZ",msa,AZ,2025-10-31,1736.8423764305933,448130.8662161715,136.0170642883576,149.34181554555212
394976,11,"Phoenix, AZ",msa,AZ,2025-11-30,1728.64955355318,448260.2651855045,135.37546103688098,149.38493838860262
394976,11,"Phoenix, AZ",msa,AZ,2025-12-31,1723.1471514825064,448909.7169175541,134.9445522875647,149.60137137299495
394976,11,"Phoenix, AZ",msa,AZ,2026-01-31,1723.608033467175,449633.4551465614,134.98064526605756,149.84256069791758
394976,11,"Phoenix, AZ",msa,AZ,2026-02-28,1730.3519006686447,450173.4360410476,135.5087766792141,150.02251198719918
394976,11,"Phoenix, AZ",msa,AZ,2026-03-31,1736.2245244153396,449951.895132354,135.9686785405086,149.94868238960578
394976,11,"Phoenix, AZ",msa,AZ,2026-04-30,1740.5393169255483,448932.70429742336,136.30658220880696,149.6090320304125
395057,12,"San Francisco, CA",msa,CA,2020-01-31,2755.2299303258583,950159.930538706,100,100
395057,12,"San Francisco, CA",msa,CA,2020-02-29,2762.4075345968536,954652.7554649888,100.26050835873966,100.47284933639912
395057,12,"San Francisco, CA",msa,CA,2020-03-31,2768.9055321847613,960712.9698911929,100.49635065692269,101.110659270435
395057,12,"San Francisco, CA",msa,CA,2020-04-30,2761.739459687594,965920.2544280506,100.2362608394344,101.65870222294147
395057,12,"San Francisco, CA",msa,CA,2020-05-31,2751.793184556906,965669.8550382396,99.87526464738478,101.63234882897451
395057,12,"San Francisco, CA",msa,CA,2020-06-30,2733.66539986468,961115.2373970626,99.21732374406123,101.15299609110492
395057,12,"San Francisco, CA",msa,CA,2020-07-31,2713.7785770780824,957499.7249120804,98.49553923643413,100.77247988864495
395057,12,"San Francisco, CA",msa,CA,2020-08-31,2671.1223977600066,960147.0112353606,96.94734977868418,101.05109470265626
395057,12,"San Francisco, CA",msa,CA,2020-09-30,2619.414511003064,969115.9295171164,95.07063211574754,101.99503245392205
395057,12,"San Francisco, CA",msa,CA,2020-10-31,2571.213030186831,980978.9762542578,93.32117809429924,103.24356402801354
395057,12,"San Francisco, CA",msa,CA,2020-11-30,2536.6786022189635,995112.5670666288,92.0677644467572,104.73106001243772
395057,12,"San Francisco, CA",msa,CA,2020-12-31,2522.0488214366583,1009087.270900476,91.53678223647846,106.20183386689021
395057,12,"San Francisco, CA",msa,CA,2021-01-31,2516.4117782685335,1022474.0667002988,91.33218794450741,107.61073308159746
395057,12,"San Francisco, CA",msa,CA,2021-02-28,2530.4947069604736,1035095.7872760128,91.84332237060137,108.93911161767802
395057,12,"San Francisco, CA",msa,CA,2021-03-31,2550.4230330175847,1049094.9702778526,92.56661322330905,110.41246179293776
395057,12,"San Francisco, CA",msa,CA,2021-04-30,2575.2128430953826,1066205.321596489,93.46634975001214,112.21324824674406
395057,12,"San Francisco, CA",msa,CA,2021-05-31,2606.741499650095,1085685.6773912215,94.61067009176249,114.26346686453903
395057,12,"San Francisco, CA",msa,CA,2021-06-30,2648.3320017672804,1105319.8531476809,96.12018120948856,116.32987433189325
395057,12,"San Francisco, CA",msa,CA,2021-07-31,2694.53518791479,1121392.319678627,97.79710790221091,118.02142814450598
395057,12,"San Francisco, CA",msa,CA,2021-08-31,2729.0358766778977,1129746.2593028557,99.04929699842283,118.9006421963438
395057,12,"San Francisco, CA",msa,CA,2021-09-30,2741.8518994511255,1132361.0322837606,99.51444956635069,119.17583512932957
395057,12,"San Francisco, CA",msa,CA,2021-10-31,2739.4251631651077,1134204.047793551,99.42637211556128,119.36980410766205
395057,12,"San Francisco, CA",msa,CA,2021-11-30,2732.5947545837184,1140063.9886359654,99.17846508950116,119.98653616024313
395057,12,"San Francisco, CA",msa,CA,2021-12-31,2734.8499756935003,1149012.718898056,99.26031746359739,120.92834921449568
395057,12,"San Francisco, CA",msa,CA,2022-01-31,2748.497945782401,1165850.3427560246,99.75566523616195,122.70043234669241
395057,12,"San Francisco, CA",msa,CA,2022-02-28,2772.2622729499094,1191608.842499653,100.6181822590043,125.41139698703716
395057,12,"San Francisco, CA",msa,CA,2022-03-31,2798.782303005619,1224196.6168135444,101.58071644766902,128.84111163469814
395057,12,"San Francisco, CA",msa,CA,2022-04-30,2822.147496441133,1250846.334014128,102.42874706675971,131.64587284847337
395057,12,"San Francisco, CA",msa,CA,2022-05-31,2845.1552348819505,1265808.377563552,103.26380399567803,133.22055970576287
395057,12,"San Francisco, CA",msa,CA,2022-06-30,2866.7101800071896,1266732.013190927,104.04613235557247,133.3177681438046
395057,12,"San Francisco, CA",msa,CA,2022-07-31,2885.8119420759635,1253801.6905767147,104.73942338941787,131.9569106503844
395057,12,"San Francisco, CA",msa,CA,2022-08-31,2896.211068990672,1229614.5954230258,105.1168556610497,129.41132917759214
395057,12,"San Francisco, CA",msa,CA,2022-09-30,2891.69163961527,1201177.7637845082,104.95282472752727,126.41848231839079
395057,12,"San Francisco, CA",msa,CA,2022-10-31,2875.6605879876615,1178107.216753518,104.37098393626843,123.99041244410026
395057,12,"San Francisco, CA",msa,CA,2022-11-30,2853.323060362133,1161338.2242718998,103.56025204853496,122.22555245130822
395057,12,"San Francisco, CA",msa,CA,2022-12-31,2836.2015168164294,1148749.489485178,102.93883227673106,120.90064551910528
395057,12,"San Francisco, CA",msa,CA,2023-01-31,2828.787651769202,1134207.888616254,102.66974892489804,119.37020833673755
395057,12,"San Francisco, CA",msa,CA,2023-02-28,2839.13620125829,1121835.6836192803,103.04534550851471,118.06809017753889
395057,12,"San Francisco, CA",msa,CA,2023-03-31,2863.9329844532517,1112831.1474870287,103.94533512179642,117.1204038099243
395057,12,"San Francisco, CA",msa,CA,2023-04-30,2875.336602181585,1110986.9311541882,104.35922499729531,116.92630845044152
395057,12,"San Francisco, CA",msa,CA,2023-05-31,2884.1554342692034,1113215.135324094,104.67930108207328,117.16081677880707
395057,12,"San Francisco, CA",msa,CA,2023-06-30,2880.746867267009,1118211.4928246802,104.55558846685096,117.68666062256436
395057,12,"San Francisco, CA",msa,CA,2023-07-31,2890.2261314911143,1125209.7015860032,104.8996346794654,118.42319018315688
395057,12,"San Francisco, CA",msa,CA,2023-08-31,2891.608982977691,1133210.469491251,104.9498247369759,119.26523452202011
395057,12,"San Francisco, CA",msa,CA,2023-09-30,2883.519472547715,1140850.9323972526,104.65621909844323,120.06935840268824
395057,12,"San Francisco, CA",msa,CA,2023-10-31,2868.4987974455335,1146155.076489243,104.11104953067489,120.62759538169693
395057,12,"San Francisco, CA",msa,CA,2023-11-30,2847.662967127316,1147629.531040652,103.35482116334754,120.78277499978218
395057,12,"San Francisco, CA",msa,CA,2023-12-31,2835.278442089301,1145599.048007325,102.90532963809578,120.5690759194415
395057,12,"San Francisco, CA",msa,CA,2024-01-31,2838.24130751234,1141100.9915021767,103.01286568764387,120.09567598322255
395057,12,"San Francisco, CA",msa,CA,2024-02-29,2852.308189866399,1138634.004951429,103.52341771813794,119.83603689811095
395057,12,"San Francisco, CA",msa,CA,2024-03-31,2876.1866832578976,1143951.5143746391,104.39007835973,120.39568051728517
395057,12,"San Francisco, CA",msa,CA,2024-04-30,2893.289175564795,1155787.8682238215,105.01080667422225,121.6414027866374
395057,12,"San Francisco, CA",msa,CA,2024-05-31,2908.9786221625977,1168453.3766616744,105.58024904362722,122.97438979553725
395057,12,"San Francisco, CA",msa,CA,2024-06-30,2921.619374098558,1174616.6949307057,106.03904022460372,123.6230509388815
395057,12,"San Francisco, CA",msa,CA,2024-07-31,2932.9021842891093,1176728.1570596462,106.44854543744877,123.84527269977426
395057,12,"San Francisco, CA",msa,CA,2024-08-31,2939.14076002366,1175272.167356555,106.67497212024155,123.69203642277553
395057,12,"San Francisco, CA",msa,CA,2024-09-30,2935.899056522351,1173500.730149829,106.55731575096259,123.50560073444656
395057,12,"San Francisco, CA",msa,CA,2024-10-31,2928.9356836432557,1170607.249486389,106.3045828373697,123.20107508876927
395057,12,"San Francisco, CA",msa,CA,2024-11-30,2927.2699907942756,1170442.9707706498,106.24412716248585,123.18378550304172
395057,12,"San Francisco, CA",msa,CA,2024-12-31,2924.3542913478204,1171565.9705069645,106.13830298373537,123.30197610445741
395057,12,"San Francisco, CA",msa,CA,2025-01-31,2935.977392098814,1171781.461781497,106.56015891027937,123.32465557847085
395057,12,"San Francisco, CA",msa,CA,2025-02-28,2954.3015805502682,1170474.269784092,107.22522821174732,123.18707958148431
395057,12,"San Francisco, CA",msa,CA,2025-03-31,2984.577029256997,1167286.623205975,108.32406386148739,122.85159431467143
395057,12,"San Francisco, CA",msa,CA,2025-04-30,3011.6480549060257,1163030.4296245435,109.30659622116696,122.40364934828895
395057,12,"San Francisco, CA",msa,CA,2025-05-31,3032.755874454781,1155609.5352870792,110.0726963319573,121.62263405823595
395057,12,"San Francisco, CA",msa,CA,2025-06-30,3054.875882268334,1145818.752088994,110.87553342261482,120.5921987721958
395057,12,"San Francisco, CA",msa,CA,2025-07-31,3072.6374600395457,1137328.9339130346,111.52018298800013,119.6986841223888
395057,12,"San Francisco, CA",msa,CA,2025-08-31,3089.0878649338406,1130585.1390303185,112.11724404316766,118.9889304624031
395057,12,"San Francisco, CA",msa,CA,2025-09-30,3100.121786051989,1128378.4092496932,112.5177159238155,118.75668221558699
395057,12,"San Francisco, CA",msa,CA,2025-10-31,3104.8308019085416,1129415.9552462662,112.6886278250228,118.86587920056033
395057,12,"San Francisco, CA",msa,CA,2025-11-30,3099.1893473211117,1133305.934377305,112.48387342230177,119.27528176596142
395057,12,"San Francisco, CA",msa,CA,2025-12-31,3094.61174299532,1138612.086173077,112.31773105155413,119.83373004663811
395057,12,"San Francisco, CA",msa,CA,2026-01-31,3107.773422322331,1141687.0296444113,112.79542908982474,120.15735382538352
395057,12,"San Francisco, CA",msa,CA,2026-02-28,3139.2539792171333,1143873.774764479,113.93800367310385,120.38749877780515
395057,12,"San Francisco, CA",msa,CA,2026-03-31,3173.275627495955,1145036.2726649167,115.17280618103096,120.50984638088484
395057,12,"San Francisco, CA",msa,CA,2026-04-30,3205.9913070056487,1145540.7166613196,116.36020905981081,120.56293681126292
102001,0,United States,country,NA,2020-01-31,1401.5203216888838,250509.79981121,100,100
102001,0,United States,country,NA,2020-02-29,1409.3993100178063,252034.58370977463,100.5621743906951,100.60867235521873
102001,0,United States,country,NA,2020-03-31,1417.7606328373713,253620.83113553945,101.15876387214402,101.24188008879254
102001,0,United States,country,NA,2020-04-30,1419.2319746498556,254979.0577660297,101.2637457114877,101.78406511768716
102001,0,United States,country,NA,2020-05-31,1419.2170297510277,255743.58004370207,101.26267937669422,102.08925169252316
102001,0,United States,country,NA,2020-06-30,1420.2466766916743,256173.97800256172,101.3361458063073,102.26106052362837
102001,0,United States,country,NA,2020-07-31,1425.4896706533234,256864.32330744097,101.71023913057185,102.53663669086794
102001,0,United States,country,NA,2020-08-31,1426.9069682788906,258518.70429478024,101.81136485837146,103.1970423870068
102001,0,United States,country,NA,2020-09-30,1424.3591052899217,261360.1072722148,101.62957206168201,104.33129061984077
102001,0,United States,country,NA,2020-10-31,1421.3912613365208,264830.88754729636,101.41781316618312,105.71677744618337
102001,0,United States,country,NA,2020-11-30,1419.8316196831058,268756.21484964824,101.30653103710662,107.28371307317686
102001,0,United States,country,NA,2020-12-31,1421.8592787448406,272581.92916400585,101.45120671753425,108.81088459191216
102001,0,United States,country,NA,2021-01-31,1430.034512708558,276261.38532169204,102.0345185566281,110.27967190500694
102001,0,United States,country,NA,2021-02-28,1442.2102863363623,280022.5663817501,102.90327325389373,111.7810826533659
102001,0,United States,country,NA,2021-03-31,1457.4882041126589,283948.5258662353,103.99336931171514,113.34827063860398
102001,0,United States,country,NA,2021-04-30,1475.5638347745992,288242.26908778766,105.28308522822489,115.06227273544339
102001,0,United States,country,NA,2021-05-31,1499.6343903378497,293005.5701127573,107.00054555974863,116.96371572432423
102001,0,United States,country,NA,2021-06-30,1528.0640205959453,298128.3727952519,109.02903061402434,119.00866673476582
102001,0,United States,country,NA,2021-07-31,1557.7171272551243,302726.66000347916,111.14481204082847,120.84423852145545
102001,0,United States,country,NA,2021-08-31,1585.296845080541,305994.4110480188,113.11265491821052,122.14867892538467
102001,0,United States,country,NA,2021-09-30,1607.5978976020062,307988.84339263296,114.7038592822394,122.94482835591283
102001,0,United States,country,NA,2021-10-31,1621.5330602739728,309943.6267551183,115.69814830226403,123.72515046864396
102001,0,United States,country,NA,2021-11-30,1630.773479013222,312593.67239171144,116.35746223416008,124.78301153379601
102001,0,United States,country,NA,2021-12-31,1639.7955451007472,315859.6761924702,117.00119646675782,126.08675446250382
102001,0,United States,country,NA,2022-01-31,1650.2135737885228,320352.9463927713,117.74453414988335,127.88040493194148
102001,0,United States,country,NA,2022-02-28,1664.6550972366326,325734.52093168447,118.77495256227621,130.02865403954877
102001,0,United States,country,NA,2022-03-31,1679.7156821509122,332061.8455702059,119.84954168390458,132.55443332774024
102001,0,United States,country,NA,2022-04-30,1699.3251391870565,338385.6896470144,121.24869778122853,135.0788232244925
102001,0,United States,country,NA,2022-05-31,1719.3870070319283,344036.691657533,122.68013388204058,137.33462400145905
102001,0,United States,country,NA,2022-06-30,1740.1105693739523,348760.27268069953,124.15878260523934,139.22021132248454
102001,0,United States,country,NA,2022-07-31,1757.2775080499696,351242.5947566065,125.38366235977124,140.21111949365297
102001,0,United States,country,NA,2022-08-31,1766.9183786856372,351620.447950637,126.07154897022366,140.36195319130286
102001,0,United States,country,NA,2022-09-30,1768.8879243301544,350330.35845777317,126.21207819509739,139.84696755248308
102001,0,United States,country,NA,2022-10-31,1764.252581683564,349089.8050675649,125.88134145337075,139.35175603135968
102001,0,United States,country,NA,2022-11-30,1758.3229814526796,348071.2469278523,125.45825802467392,138.94516190191635
102001,0,United States,country,NA,2022-12-31,1755.5934462451487,347146.1566863889,125.26350271750563,138.5758788470576
102001,0,United States,country,NA,2023-01-31,1757.5224446080808,345933.80312716356,125.40113884971724,138.09192430310804
102001,0,United States,country,NA,2023-02-28,1764.1176892371486,345047.7807919536,125.87171673053743,137.7382366087034
102001,0,United States,country,NA,2023-03-31,1776.6015120497898,344985.1568682287,126.76245107234116,137.7132380163241
102001,0,United States,country,NA,2023-04-30,1787.2293766441835,345967.2513539563,127.52076077573432,138.10527636630795
102001,0,United States,country,NA,2023-05-31,1798.939969918053,347622.92508866166,128.35632434856626,138.76619810907133
102001,0,United States,country,NA,2023-06-30,1805.725643690411,349596.1704658999,128.8404895559734,139.55388999925898
102001,0,United States,country,NA,2023-07-31,1814.1339039900477,351376.1844614353,129.4404280776999,140.26444663092644
102001,0,United States,country,NA,2023-08-31,1818.4842940955184,353027.9612648987,129.75083314554993,140.92381277337205
102001,0,United States,country,NA,2023-09-30,1818.7273241752555,354275.8861694551,129.76817360618944,141.42196689967642
102001,0,United States,country,NA,2023-10-31,1815.2259940752713,355209.7148651109,129.5183498936253,141.79473822293787
102001,0,United States,country,NA,2023-11-30,1810.038987981933,355871.2593083764,129.14825136468724,142.0588174900021
102001,0,United States,country,NA,2023-12-31,1807.5691164007096,356310.28114837484,128.97202333980587,142.23406885355325
102001,0,United States,country,NA,2024-01-31,1810.49237572732,356747.1644649471,129.18060107366904,142.40846654853428
102001,0,United States,country,NA,2024-02-29,1818.089806306608,357547.7873813059,129.72268601255402,142.72806399221196
102001,0,United States,country,NA,2024-03-31,1828.4583652615052,359104.83016470337,130.46249397640878,143.3496136419945
102001,0,United States,country,NA,2024-04-30,1838.9333852725863,360979.6164463617,131.2098980524666,144.0980020415985
102001,0,United States,country,NA,2024-05-31,1849.8337026665752,362427.77506879024,131.9876475595771,144.6760866608509
102001,0,United States,country,NA,2024-06-30,1859.4927209243497,362995.0226783484,132.676829022614,144.90252395391713
102001,0,United States,country,NA,2024-07-31,1866.9600561778436,363144.54889890854,133.20963151844188,144.96221272484456
102001,0,United States,country,NA,2024-08-31,1870.2112357042936,363390.36484658625,133.44160671538606,145.06033900487952
102001,0,United States,country,NA,2024-09-30,1869.9697315283288,363845.4923988781,133.4243751296411,145.24201954298016
102001,0,United States,country,NA,2024-10-31,1866.2336112946095,364439.9439274885,133.15779888555087,145.47931625913995
102001,0,United States,country,NA,2024-11-30,1862.7289450841288,364937.9408568015,132.90773713787266,145.6781096515295
102001,0,United States,country,NA,2024-12-31,1860.312562549014,365665.17160141934,132.7353256146346,145.9684099691881
102001,0,United States,country,NA,2025-01-31,1864.2958499826857,366301.1580643751,133.0195375073934,146.22228684882913
102001,0,United States,country,NA,2025-02-28,1872.2349978986545,366765.1167725067,133.5860043500862,146.4074926605304
102001,0,United States,country,NA,2025-03-31,1883.6594826796152,366487.27308887267,134.4011537706236,146.29658135732257
102001,0,United States,country,NA,2025-04-30,1893.2510555706256,365954.4088834414,135.085522933352,146.08386943713705
102001,0,United States,country,NA,2025-05-31,1901.559472991547,365262.6650697781,135.6783375570393,145.80773500479762
102001,0,United States,country,NA,2025-06-30,1908.047473878009,364639.882647108,136.14126348012857,145.55912899292127
102001,0,United States,country,NA,2025-07-31,1912.210876690272,364209.42705556465,136.4383268011403,145.3872971556567
102001,0,United States,country,NA,2025-08-31,1914.0572822435065,363979.75302495,136.57006984650758,145.29561450260772
102001,0,United States,country,NA,2025-09-30,1913.210790601504,364223.4866650914,136.50967174675102,145.39290955466763
102001,0,United States,country,NA,2025-10-31,1909.807377707947,364661.6235969907,136.26683453341286,145.5678076753118
102001,0,United States,country,NA,2025-11-30,1904.1861436834413,365343.5360545896,135.86575336908612,145.84001756814345
102001,0,United States,country,NA,2025-12-31,1899.6657242352603,366141.3118222303,135.5432165226183,146.1584784699692
102001,0,United States,country,NA,2026-01-31,1900.898728087625,366902.44225546386,135.63119268916284,146.46231106805806
102001,0,United States,country,NA,2026-02-28,1907.9046054057685,367622.8300238263,136.13106965917362,146.74987976553228
102001,0,United States,country,NA,2026-03-31,1918.724586062416,368117.6844072337,136.90308705265736,146.94741869765406
102001,0,United States,country,NA,2026-04-30,1929.6422102592069,368197.74670613307,137.68207141897997,146.9793784449213
