RegionID,SizeRank,RegionName,RegionType,StateName,date,zori,zhvi
394355,29,"Austin, TX",msa,TX,2020-01-31,1396.425211628839,335537.68698815914
394355,29,"Austin, TX",msa,TX,2020-02-29,1402.9341469634292,338326.03633319604
394355,29,"Austin, TX",msa,TX,2020-03-31,1412.1949009146133,341175.1562007428
394355,29,"Austin, TX",msa,TX,2020-04-30,1409.6200310267543,343503.8115388498
394355,29,"Austin, TX",msa,TX,2020-05-31,1401.6811622159696,344844.975267814
394355,29,"Austin, TX",msa,TX,2020-06-30,1394.9714655213363,345667.0607939609
394355,29,"Austin, TX",msa,TX,2020-07-31,1398.153533411645,347059.6649682101
394355,29,"Austin, TX",msa,TX,2020-08-31,1400.811012052469,349996.8072278342
394355,29,"Austin, TX",msa,TX,2020-09-30,1394.036780242214,354761.97199507034
394355,29,"Austin, TX",msa,TX,2020-10-31,1386.3732609010551,360550.6336437178
394355,29,"Austin, TX",msa,TX,2020-11-30,1382.628866956724,367223.862712701
394355,29,"Austin, TX",msa,TX,2020-12-31,1385.0339520082928,374169.0310867205
394355,29,"Austin, TX",msa,TX,2021-01-31,1396.0256308415217,381780.0785479904
394355,29,"Austin, TX",msa,TX,2021-02-28,1412.2173905683524,390972.7335749951
394355,29,"Austin, TX",msa,TX,2021-03-31,1434.5666900678225,403773.3798836672
394355,29,"Austin, TX",msa,TX,2021-04-30,1461.981122416616,421703.37476349575
394355,29,"Austin, TX",msa,TX,2021-05-31,1499.3517348520054,443709.68771506805
394355,29,"Austin, TX",msa,TX,2021-06-30,1545.0308104720036,465458.5996073312
394355,29,"Austin, TX",msa,TX,2021-07-31,1596.1780983031274,481757.8053953843
394355,29,"Austin, TX",msa,TX,2021-08-31,1643.0430319216784,491090.26490211784
394355,29,"Austin, TX",msa,TX,2021-09-30,1673.4457325679691,494887.4422557971
394355,29,"Austin, TX",msa,TX,2021-10-31,1683.604216823576,497399.42198739
394355,29,"Austin, TX",msa,TX,2021-11-30,1680.406731018424,500892.1574212759
394355,29,"Austin, TX",msa,TX,2021-12-31,1684.395538076741,506362.1620022321
394355,29,"Austin, TX",msa,TX,2022-01-31,1687.4151143453869,515706.8068189304
394355,29,"Austin, TX",msa,TX,2022-02-28,1704.2758451483558,527988.615697807
394355,29,"Austin, TX",msa,TX,2022-03-31,1719.4709130384426,543440.431207701
394355,29,"Austin, TX",msa,TX,2022-04-30,1744.1497033218498,558654.3141814895
394355,29,"Austin, TX",msa,TX,2022-05-31,1765.6034777980606,571499.6600150006
394355,29,"Austin, TX",msa,TX,2022-06-30,1790.0832020666132,579087.4473830535
394355,29,"Austin, TX",msa,TX,2022-07-31,1811.868632385413,578181.0780238354
394355,29,"Austin, TX",msa,TX,2022-08-31,1815.0917585785708,570248.1270816177
394355,29,"Austin, TX",msa,TX,2022-09-30,1805.1585041572075,558069.7374535239
394355,29,"Austin, TX",msa,TX,2022-10-31,1782.3852198573495,546822.0909038066
394355,29,"Austin, TX",msa,TX,2022-11-30,1760.346198108491,537042.7069550804
394355,29,"Austin, TX",msa,TX,2022-12-31,1746.890498017301,528331.4958732002
394355,29,"Austin, TX",msa,TX,2023-01-31,1743.321115335254,519996.3990905153
394355,29,"Austin, TX",msa,TX,2023-02-28,1747.2864547799302,512387.8663622702
394355,29,"Austin, TX",msa,TX,2023-03-31,1759.32558217653,506227.4630074664
394355,29,"Austin, TX",msa,TX,2023-04-30,1762.8918033799923,501728.7370434429
394355,29,"Austin, TX",msa,TX,2023-05-31,1768.7598399667918,499335.6623039889
394355,29,"Austin, TX",msa,TX,2023-06-30,1764.8624892337734,498294.3860170669
394355,29,"Austin, TX",msa,TX,2023-07-31,1763.741897847073,497328.2075050422
394355,29,"Austin, TX",msa,TX,2023-08-31,1753.1454122399962,495825.1172466439
394355,29,"Austin, TX",msa,TX,2023-09-30,1735.1763049669437,493496.77264623134
394355,29,"Austin, TX",msa,TX,2023-10-31,1718.14841284366,490721.7975192715
394355,29,"Austin, TX",msa,TX,2023-11-30,1704.8528843148022,487608.6477901758
394355,29,"Austin, TX",msa,TX,2023-12-31,1697.9252800383936,484492.7506104284
394355,29,"Austin, TX",msa,TX,2024-01-31,1690.43990726457,481954.7527339675
394355,29,"Austin, TX",msa,TX,2024-02-29,1687.3879194114247,480180.77323225146
394355,29,"Austin, TX",msa,TX,2024-03-31,1686.8939183917355,479588.186775522
394355,29,"Austin, TX",msa,TX,2024-04-30,1692.5643198116309,479537.0923077499
394355,29,"Austin, TX",msa,TX,2024-05-31,1698.8562087258738,478810.9527279516
394355,29,"Austin, TX",msa,TX,2024-06-30,1701.4066993760882,476884.13155895914
394355,29,"Austin, TX",msa,TX,2024-07-31,1697.2286326323674,474525.20289022353
394355,29,"Austin, TX",msa,TX,2024-08-31,1683.7331422471634,472564.8178319377
394355,29,"Austin, TX",msa,TX,2024-09-30,1669.464127553039,471617.29335602745
394355,29,"Austin, TX",msa,TX,2024-10-31,1651.2490342734377,470837.45930295787
394355,29,"Austin, TX",msa,TX,2024-11-30,1636.9933104627746,469907.2798317696
394355,29,"Austin, TX",msa,TX,2024-12-31,1627.3403195228836,468254.83393941814
394355,29,"Austin, TX",msa,TX,2025-01-31,1624.9947196365465,466061.56891868106
394355,29,"Austin, TX",msa,TX,2025-02-28,1627.8918692622387,463728.45745641127
394355,29,"Austin, TX",msa,TX,2025-03-31,1633.750693524358,460936.0325879117
394355,29,"Austin, TX",msa,TX,2025-04-30,1639.3902216933332,458005.6720338811
394355,29,"Austin, TX",msa,TX,2025-05-31,1646.8340271563832,454531.7160572195
394355,29,"Austin, TX",msa,TX,2025-06-30,1646.8151174893062,450808.0787562986
394355,29,"Austin, TX",msa,TX,2025-07-31,1639.0895075220908,447321.2357430796
394355,29,"Austin, TX",msa,TX,2025-08-31,1625.0947682767996,444934.7948678558
394355,29,"Austin, TX",msa,TX,2025-09-30,1611.7479908308849,443623.36965335417
394355,29,"Austin, TX",msa,TX,2025-10-31,1601.1540831358604,442666.2444240339
394355,29,"Austin, TX",msa,TX,2025-11-30,1590.0870361929474,441484.12972895935
394355,29,"Austin, TX",msa,TX,2025-12-31,1582.7151185190714,440047.9093797365
394355,29,"Austin, TX",msa,TX,2026-01-31,1581.6702946813075,438300.13525558606
394355,29,"Austin, TX",msa,TX,2026-02-28,1588.8538795534134,436244.3398613293
394355,29,"Austin, TX",msa,TX,2026-03-31,1595.2411109889329,433534.45955499174
394355,29,"Austin, TX",msa,TX,2026-04-30,1603.6026487146676,430489.97196000273
394404,10,"Boston, MA",msa,MA,2020-01-31,2433.3030007129987,504041.8826478065
394404,10,"Boston, MA",msa,MA,2020-02-29,2460.844725704432,506917.9947037201
394404,10,"Boston, MA",msa,MA,2020-03-31,2484.7691466144274,510583.610614463
394404,10,"Boston, MA",msa,MA,2020-04-30,2484.3443174070944,513676.6590289613
394404,10,"Boston, MA",msa,MA,2020-05-31,2475.4231863266427,515561.42768295336
394404,10,"Boston, MA",msa,MA,2020-06-30,2457.7755513057177,516430.4714600624
394404,10,"Boston, MA",msa,MA,2020-07-31,2439.2594948063183,517320.0873608864
394404,10,"Boston, MA",msa,MA,2020-08-31,2396.5481078064377,520034.4843932139
394404,10,"Boston, MA",msa,MA,2020-09-30,2338.4019384320154,525260.9944776943
394404,10,"Boston, MA",msa,MA,2020-10-31,2287.499396607449,532231.2849901785
394404,10,"Boston, MA",msa,MA,2020-11-30,2263.1738398762204,540240.8842945091
394404,10,"Boston, MA",msa,MA,2020-12-31,2264.94502761554,548179.059228242
394404,10,"Boston, MA",msa,MA,2021-01-31,2286.0560387053933,555294.6176653655
394404,10,"Boston, MA",msa,MA,2021-02-28,2318.8768723682465,562363.4901185947
394404,10,"Boston, MA",msa,MA,2021-03-31,2351.8098732349586,569560.4652707885
394404,10,"Boston, MA",msa,MA,2021-04-30,2382.9116710526596,577460.91053171
394404,10,"Boston, MA",msa,MA,2021-05-31,2420.0131000205915,585670.298527877
394404,10,"Boston, MA",msa,MA,2021-06-30,2460.7619416473813,593218.0112911294
394404,10,"Boston, MA",msa,MA,2021-07-31,2498.204980675537,598122.5389127118
394404,10,"Boston, MA",msa,MA,2021-08-31,2516.4109794464503,599359.0475572858
394404,10,"Boston, MA",msa,MA,2021-09-30,2534.0874648663225,598195.2179911687
394404,10,"Boston, MA",msa,MA,2021-10-31,2547.2398337809536,597451.6033471498
394404,10,"Boston, MA",msa,MA,2021-11-30,2562.8706160004,598305.5222987357
394404,10,"Boston, MA",msa,MA,2021-12-31,2571.8579951724705,600533.702534136
394404,10,"Boston, MA",msa,MA,2022-01-31,2584.334103529454,606106.8486074321
394404,10,"Boston, MA",msa,MA,2022-02-28,2596.543912665651,614992.3857651082
394404,10,"Boston, MA",msa,MA,2022-03-31,2618.73568432753,627148.592766795
394404,10,"Boston, MA",msa,MA,2022-04-30,2651.9901195753387,638792.2377736856
394404,10,"Boston, MA",msa,MA,2022-05-31,2696.6454738915277,648825.0867155591
394404,10,"Boston, MA",msa,MA,2022-06-30,2737.980410100042,655950.39084051
394404,10,"Boston, MA",msa,MA,2022-07-31,2770.755624682922,658598.788407314
394404,10,"Boston, MA",msa,MA,2022-08-31,2789.3595526253375,656346.9233832437
394404,10,"Boston, MA",msa,MA,2022-09-30,2799.1530829035005,650733.9415429028
394404,10,"Boston, MA",msa,MA,2022-10-31,2793.1531344737605,646099.2957550763
394404,10,"Boston, MA",msa,MA,2022-11-30,2789.8889551730126,643523.6852767365
394404,10,"Boston, MA",msa,MA,2022-12-31,2783.2576075305196,642772.5012858066
394404,10,"Boston, MA",msa,MA,2023-01-31,2789.110201664383,641489.3668679228
394404,10,"Boston, MA",msa,MA,2023-02-28,2807.2561255362116,640303.1569244798
394404,10,"Boston, MA",msa,MA,2023-03-31,2838.8293674295724,640518.8082532081
394404,10,"Boston, MA",msa,MA,2023-04-30,2874.510403798701,644137.302363642
394404,10,"Boston, MA",msa,MA,2023-05-31,2904.8892279644124,650195.7584614697
394404,10,"Boston, MA",msa,MA,2023-06-30,2928.7331917871657,657239.8767224475
394404,10,"Boston, MA",msa,MA,2023-07-31,2944.140395694384,664051.3751132123
394404,10,"Boston, MA",msa,MA,2023-08-31,2944.945383312623,670661.4993973582
394404,10,"Boston, MA",msa,MA,2023-09-30,2940.8972696092123,676457.362788633
394404,10,"Boston, MA",msa,MA,2023-10-31,2930.520505008791,681204.7754415994
394404,10,"Boston, MA",msa,MA,2023-11-30,2933.78615627119,684755.132469817
394404,10,"Boston, MA",msa,MA,2023-12-31,2935.54164067477,687589.5239279425
394404,10,"Boston, MA",msa,MA,2024-01-31,2950.2552467315336,689628.3520549292
394404,10,"Boston, MA",msa,MA,2024-02-29,2968.354147726833,692389.3275129729
394404,10,"Boston, MA",msa,MA,2024-03-31,2994.3929614344634,697154.8886107764
394404,10,"Boston, MA",msa,MA,2024-04-30,3018.619117827829,703335.4316534748
394404,10,"Boston, MA",msa,MA,2024-05-31,3039.968281551606,708586.844912185
394404,10,"Boston, MA",msa,MA,2024-06-30,3054.4538517769915,711389.7398661822
394404,10,"Boston, MA",msa,MA,2024-07-31,3061.945333733937,713032.842372656
394404,10,"Boston, MA",msa,MA,2024-08-31,3045.922791569043,714763.0935446337
394404,10,"Boston, MA",msa,MA,2024-09-30,3030.864390740102,716886.80748226994
394404,10,"Boston, MA",msa,MA,2024-10-31,3014.263699211358,718736.302082153
394404,10,"Boston, MA",msa,MA,2024-11-30,3023.421833842677,720333.1483297101
394404,10,"Boston, MA",msa,MA,2024-12-31,3033.494129395715,722124.8279279092
394404,10,"Boston, MA",msa,MA,2025-01-31,3057.1665925603465,723800.8584988927
394404,10,"Boston, MA",msa,MA,2025-02-28,3073.4643552393027,725465.6906009199
394404,10,"Boston, MA",msa,MA,2025-03-31,3097.7365991919805,725878.4361243611
394404,10,"Boston, MA",msa,MA,2025-04-30,3114.9790333816727,726013.7539550439
394404,10,"Boston, MA",msa,MA,2025-05-31,3133.709150646116,724997.9844037873
394404,10,"Boston, MA",msa,MA,2025-06-30,3139.5890613048637,724006.2431199382
394404,10,"Boston, MA",msa,MA,2025-07-31,3136.094586974473,723422.1894108895
394404,10,"Boston, MA",msa,MA,2025-08-31,3125.8436301940615,723678.3625177712
394404,10,"Boston, MA",msa,MA,2025-09-30,3112.323472999391,725125.5542751673
394404,10,"Boston, MA",msa,MA,2025-10-31,3102.4164824565155,727712.1221727482
394404,10,"Boston, MA",msa,MA,2025-11-30,3096.256464178004,730780.8646022916
394404,10,"Boston, MA",msa,MA,2025-12-31,3100.8420948960816,733780.1384770405
394404,10,"Boston, MA",msa,MA,2026-01-31,3115.7065102696447,735772.6221072039
394404,10,"Boston, MA",msa,MA,2026-02-28,3132.8045724452077,736889.516326547
394404,10,"Boston, MA",msa,MA,2026-03-31,3159.876495009262,737451.7321512835
394404,10,"Boston, MA",msa,MA,2026-04-30,3183.8775096569293,736881.3139864132
394530,19,"Denver, CO",msa,CO,2020-01-31,1566.322706533192,444563.76272378344
394530,19,"Denver, CO",msa,CO,2020-02-29,1571.2694250674288,447392.0590432821
394530,19,"Denver, CO",msa,CO,2020-03-31,1577.507144941341,450809.62835974153
394530,19,"Denver, CO",msa,CO,2020-04-30,1571.8852781495243,454153.0159185923
394530,19,"Denver, CO",msa,CO,2020-05-31,1566.725927750459,455581.0350661602
394530,19,"Denver, CO",msa,CO,2020-06-30,1563.8593383064592,455577.3468109925
394530,19,"Denver, CO",msa,CO,2020-07-31,1573.0507846505284,455434.6896571336
394530,19,"Denver, CO",msa,CO,2020-08-31,1577.4115588103948,457184.8152902199
394530,19,"Denver, CO",msa,CO,2020-09-30,1577.7304931493682,461365.2627808857
394530,19,"Denver, CO",msa,CO,2020-10-31,1570.0801415596193,467154.9044205398
394530,19,"Denver, CO",msa,CO,2020-11-30,1562.1721292424434,473763.3787670624
394530,19,"Denver, CO",msa,CO,2020-12-31,1557.72670121946,480089.6067592937
394530,19,"Denver, CO",msa,CO,2021-01-31,1562.2908483085885,486039.04044369026
394530,19,"Denver, CO",msa,CO,2021-02-28,1574.0829582433464,492917.255807196
394530,19,"Denver, CO",msa,CO,2021-03-31,1589.8230000699134,501712.9665187166
394530,19,"Denver, CO",msa,CO,2021-04-30,1612.6971199639347,512129.8033937776
394530,19,"Denver, CO",msa,CO,2021-05-31,1643.4056910414663,523224.0708565729
394530,19,"Denver, CO",msa,CO,2021-06-30,1680.096218565093,533767.5021653281
394530,19,"Denver, CO",msa,CO,2021-07-31,1715.9867654962295,541941.6507936418
394530,19,"Denver, CO",msa,CO,2021-08-31,1745.1554725735732,547039.9613395802
394530,19,"Denver, CO",msa,CO,2021-09-30,1763.893013436241,549624.2901154672
394530,19,"Denver, CO",msa,CO,2021-10-31,1766.6261777760503,552456.0044185481
394530,19,"Denver, CO",msa,CO,2021-11-30,1766.133976141399,556806.2720782538
394530,19,"Denver, CO",msa,CO,2021-12-31,1765.1478966259224,562521.5665688495
394530,19,"Denver, CO",msa,CO,2022-01-31,1775.3737850074822,570998.3356165373
394530,19,"Denver, CO",msa,CO,2022-02-28,1789.4281515111843,582646.686238208
394530,19,"Denver, CO",msa,CO,2022-03-31,1811.608642247252,597136.637932997
394530,19,"Denver, CO",msa,CO,2022-04-30,1834.615545329856,611080.4207087656
394530,19,"Denver, CO",msa,CO,2022-05-31,1859.938582981586,621814.818433749
394530,19,"Denver, CO",msa,CO,2022-06-30,1878.7359125667356,627721.8470714266
394530,19,"Denver, CO",msa,CO,2022-07-31,1892.4018930010131,627316.1887186617
394530,19,"Denver, CO",msa,CO,2022-08-31,1892.2701196820983,621778.2605422685
394530,19,"Denver, CO",msa,CO,2022-09-30,1885.0773151671265,613786.3535296695
394530,19,"Denver, CO",msa,CO,2022-10-31,1874.9624663960471,607409.7372099656
394530,19,"Denver, CO",msa,CO,2022-11-30,1861.5322959307537,602642.7285305948
394530,19,"Denver, CO",msa,CO,2022-12-31,1851.5627987893888,598668.9257827118
394530,19,"Denver, CO",msa,CO,2023-01-31,1850.1224688942848,594340.9847048443
394530,19,"Denver, CO",msa,CO,2023-02-28,1862.0998409226036,590602.9283901957
394530,19,"Denver, CO",msa,CO,2023-03-31,1885.541243757149,587573.4403937692
394530,19,"Denver, CO",msa,CO,2023-04-30,1900.8661994540944,586032.2790725888
394530,19,"Denver, CO",msa,CO,2023-05-31,1917.1079692470228,586196.7442665076
394530,19,"Denver, CO",msa,CO,2023-06-30,1926.1437695957773,588079.9503045529
394530,19,"Denver, CO",msa,CO,2023-07-31,1934.1256834079095,590704.5294616922
394530,19,"Denver, CO",msa,CO,2023-08-31,1937.856688001927,593446.1561079033
394530,19,"Denver, CO",msa,CO,2023-09-30,1933.7323685915785,595821.382485009
394530,19,"Denver, CO",msa,CO,2023-10-31,1925.1233783153864,597630.5886678301
394530,19,"Denver, CO",msa,CO,2023-11-30,1912.274153739069,598328.6645077043
394530,19,"Denver, CO",msa,CO,2023-12-31,1900.1549969177097,598435.2430893857
394530,19,"Denver, CO",msa,CO,2024-01-31,1903.32211822972,597956.2971026856
394530,19,"Denver, CO",msa,CO,2024-02-29,1911.6596119210285,597849.5090499115
394530,19,"Denver, CO",msa,CO,2024-03-31,1929.4624580313089,598324.2142951554
394530,19,"Denver, CO",msa,CO,2024-04-30,1941.2288706223987,599535.3696527088
394530,19,"Denver, CO",msa,CO,2024-05-31,1955.405872868196,600245.921619566
394530,19,"Denver, CO",msa,CO,2024-06-30,1963.121784324367,599879.4761137669
394530,19,"Denver, CO",msa,CO,2024-07-31,1969.0295769988488,599336.4616265739
394530,19,"Denver, CO",msa,CO,2024-08-31,1966.9547458197512,599235.1095451353
394530,19,"Denver, CO",msa,CO,2024-09-30,1958.6529786232547,599941.8458906614
394530,19,"Denver, CO",msa,CO,2024-10-31,1936.841233714743,600651.5268252942
394530,19,"Denver, CO",msa,CO,2024-11-30,1911.9458972053428,601614.2321209967
394530,19,"Denver, CO",msa,CO,2024-12-31,1888.4345456531637,602443.8537410656
394530,19,"Denver, CO",msa,CO,2025-01-31,1882.284363578441,602532.7298969947
394530,19,"Denver, CO",msa,CO,2025-02-28,1885.2497277758764,600904.0174842755
394530,19,"Denver, CO",msa,CO,2025-03-31,1899.759643902294,597398.9261310514
394530,19,"Denver, CO",msa,CO,2025-04-30,1916.071185934026,593416.3478982396
394530,19,"Denver, CO",msa,CO,2025-05-31,1929.569910911822,589373.4269539634
394530,19,"Denver, CO",msa,CO,2025-06-30,1937.5915235236785,586131.2188079455
394530,19,"Denver, CO",msa,CO,2025-07-31,1936.1462925881456,583580.2263673124
394530,19,"Denver, CO",msa,CO,2025-08-31,1929.64575617846,582388.1570968564
394530,19,"Denver, CO",msa,CO,2025-09-30,1915.9796169501835,582337.7847475758
394530,19,"Denver, CO",msa,CO,2025-10-31,1897.403268680894,582889.7198064064
394530,19,"Denver, CO",msa,CO,2025-11-30,1879.0181820875284,583437.1080311305
394530,19,"Denver, CO",msa,CO,2025-12-31,1862.9519982819272,583671.3201171202
394530,19,"Denver, CO",msa,CO,2026-01-31,1860.11643939732,583142.7549631078
394530,19,"Denver, CO",msa,CO,2026-02-28,1865.319792491954,581553.52294346
394530,19,"Denver, CO",msa,CO,2026-03-31,1876.0440727744792,578673.127295246
394530,19,"Denver, CO",msa,CO,2026-04-30,1887.0441110005331,575129.7125069575
394856,8,"Miami, FL",msa,FL,2020-01-31,1740.815309859398,305760.6626383671
394856,8,"Miami, FL",msa,FL,2020-02-29,1743.182387361866,307993.2808684557
394856,8,"Miami, FL",msa,FL,2020-03-31,1744.385822604731,309918.5342486235
394856,8,"Miami, FL",msa,FL,2020-04-30,1738.4723299565892,310890.5292377863
394856,8,"Miami, FL",msa,FL,2020-05-31,1729.906848142761,310806.48821503384
394856,8,"Miami, FL",msa,FL,2020-06-30,1728.3891041801478,310343.9574373282
394856,8,"Miami, FL",msa,FL,2020-07-31,1733.772068598105,310409.5155990428
394856,8,"Miami, FL",msa,FL,2020-08-31,1739.1544801176908,311799.7799770716
394856,8,"Miami, FL",msa,FL,2020-09-30,1744.55824959675,314394.3922889397
394856,8,"Miami, FL",msa,FL,2020-10-31,1757.0969450376078,317625.54151797324
394856,8,"Miami, FL",msa,FL,2020-11-30,1774.853294511126,321589.10524823284
394856,8,"Miami, FL",msa,FL,2020-12-31,1790.9042862567003,325654.55046963255
394856,8,"Miami, FL",msa,FL,2021-01-31,1806.6540899668723,329792.1231753686
394856,8,"Miami, FL",msa,FL,2021-02-28,1829.0114317180028,333731.97625008016
394856,8,"Miami, FL",msa,FL,2021-03-31,1857.161895783926,337794.34854081733
394856,8,"Miami, FL",msa,FL,2021-04-30,1890.8417636970337,342128.95671376813
394856,8,"Miami, FL",msa,FL,2021-05-31,1930.0216503402771,347315.66950087505
394856,8,"Miami, FL",msa,FL,2021-06-30,1979.6964702507823,353435.25570026366
394856,8,"Miami, FL",msa,FL,2021-07-31,2044.33222625084,359699.1359624678
394856,8,"Miami, FL",msa,FL,2021-08-31,2108.457326791993,365167.5022107466
394856,8,"Miami, FL",msa,FL,2021-09-30,2166.0402528258783,369632.24423109886
394856,8,"Miami, FL",msa,FL,2021-10-31,2207.1795733624913,373923.26885975065
394856,8,"Miami, FL",msa,FL,2021-11-30,2251.6146720948054,378961.679614837
394856,8,"Miami, FL",msa,FL,2021-12-31,2296.9958169431115,384733.50996458787
394856,8,"Miami, FL",msa,FL,2022-01-31,2338.3687694638675,392471.1114502619
394856,8,"Miami, FL",msa,FL,2022-02-28,2370.9124801035146,401554.4470240258
394856,8,"Miami, FL",msa,FL,2022-03-31,2406.6192263914277,412323.7997721525
394856,8,"Miami, FL",msa,FL,2022-04-30,2447.68443572191,423457.97950068023
394856,8,"Miami, FL",msa,FL,2022-05-31,2487.663492036417,434031.4165823958
394856,8,"Miami, FL",msa,FL,2022-06-30,2514.6731951323013,443538.8171715977
394856,8,"Miami, FL",msa,FL,2022-07-31,2534.5952203508596,450523.7824363395
394856,8,"Miami, FL",msa,FL,2022-08-31,2541.954920618138,454811.8823064755
394856,8,"Miami, FL",msa,FL,2022-09-30,2550.0045517896224,456447.17531049694
394856,8,"Miami, FL",msa,FL,2022-10-31,2552.518695783644,457349.442486157
394856,8,"Miami, FL",msa,FL,2022-11-30,2558.897616542761,458257.4903423703
394856,8,"Miami, FL",msa,FL,2022-12-31,2561.4030353494004,459443.0994434557
394856,8,"Miami, FL",msa,FL,2023-01-31,2562.540732372844,460003.07678488054
394856,8,"Miami, FL",msa,FL,2023-02-28,2564.110495889007,460259.11947305035
394856,8,"Miami, FL",msa,FL,2023-03-31,2569.897957303344,460860.30613004294
394856,8,"Miami, FL",msa,FL,2023-04-30,2575.357675488558,462453.24501278694
394856,8,"Miami, FL",msa,FL,2023-05-31,2581.4754263348727,465060.8674501076
394856,8,"Miami, FL",msa,FL,2023-06-30,2584.435945574662,468699.2399332265
394856,8,"Miami, FL",msa,FL,2023-07-31,2588.361427659161,472463.2393345479
394856,8,"Miami, FL",msa,FL,2023-08-31,2592.558030426389,476229.2205482516
394856,8,"Miami, FL",msa,FL,2023-09-30,2596.531482027118,479225.6350475816
394856,8,"Miami, FL",msa,FL,2023-10-31,2603.50572369614,482145.6201023355
394856,8,"Miami, FL",msa,FL,2023-11-30,2605.1929806684893,485105.0078842686
394856,8,"Miami, FL",msa,FL,2023-12-31,2600.8726362199413,487844.7784636864
394856,8,"Miami, FL",msa,FL,2024-01-31,2599.354575150792,490279.6643849574
394856,8,"Miami, FL",msa,FL,2024-02-29,2604.7574730457386,492255.921216974
394856,8,"Miami, FL",msa,FL,2024-03-31,2614.7815873852496,494449.6563599156
394856,8,"Miami, FL",msa,FL,2024-04-30,2622.0925657403673,496472.31280296034
394856,8,"Miami, FL",msa,FL,2024-05-31,2625.32763972634,498197.1904188434
394856,8,"Miami, FL",msa,FL,2024-06-30,2629.23862034905,498774.7226715099
394856,8,"Miami, FL",msa,FL,2024-07-31,2634.749390248577,498969.6539016291
394856,8,"Miami, FL",msa,FL,2024-08-31,2640.018750612837,498989.9130939708
394856,8,"Miami, FL",msa,FL,2024-09-30,2645.342612628176,499046.9904496556
394856,8,"Miami, FL",msa,FL,2024-10-31,2646.3578411963226,498594.6820591436
394856,8,"Miami, FL",msa,FL,2024-11-30,2645.5327264210123,497612.26623915386
394856,8,"Miami, FL",msa,FL,2024-12-31,2644.3697948639096,496754.73091856507
394856,8,"Miami, FL",msa,FL,2025-01-31,2645.750787623011,496129.6788962598
394856,8,"Miami, FL",msa,FL,2025-02-28,2649.4899599337064,495374.0391956161
394856,8,"Miami, FL",msa,FL,2025-03-31,2654.733664069778,493388.6971001664
394856,8,"Miami, FL",msa,FL,2025-04-30,2658.0786866155936,490738.97892234375
394856,8,"Miami, FL",msa,FL,2025-05-31,2660.147630603505,487485.22424611374
394856,8,"Miami, FL",msa,FL,2025-06-30,2661.381188116301,484251.5379436233
394856,8,"Miami, FL",msa,FL,2025-07-31,2663.3301675432376,480653.4439359379
394856,8,"Miami, FL",msa,FL,2025-08-31,2665.3433595574375,477678.2177566616
394856,8,"Miami, FL",msa,FL,2025-09-30,2665.017211630416,475670.0652605228
394856,8,"Miami, FL",msa,FL,2025-10-31,2663.9788272265932,474720.2827144768
394856,8,"Miami, FL",msa,FL,2025-11-30,2663.0356834938543,474003.2135778948
394856,8,"Miami, FL",msa,FL,2025-12-31,2661.1084491815573,473538.51368345186
394856,8,"Miami, FL",msa,FL,2026-01-31,2660.089515858718,473385.1109115149
394856,8,"Miami, FL",msa,FL,2026-02-28,2664.472462526571,473629.41966403
394856,8,"Miami, FL",msa,FL,2026-03-31,2673.5325762620237,473926.3840702516
394856,8,"Miami, FL",msa,FL,2026-04-30,2682.930680825922,473724.69071001984
394913,1,"New York, NY",msa,NY,2020-01-31,2511.8586973260135,504230.03530262894
394913,1,"New York, NY",msa,NY,2020-02-29,2524.949201621635,506483.2990759864
394913,1,"New York, NY",msa,NY,2020-03-31,2533.684174423048,509074.98746226216
394913,1,"New York, NY",msa,NY,2020-04-30,2527.6437096397544,511431.4047649694
394913,1,"New York, NY",msa,NY,2020-05-31,2512.669281003455,513299.0012835268
394913,1,"New York, NY",msa,NY,2020-06-30,2491.048831171216,513642.04278924904
394913,1,"New York, NY",msa,NY,2020-07-31,2467.3688727518374,512721.2670787035
394913,1,"New York, NY",msa,NY,2020-08-31,2422.3819653922596,512032.86636310053
394913,1,"New York, NY",msa,NY,2020-09-30,2371.823952271752,513715.1270712944
394913,1,"New York, NY",msa,NY,2020-10-31,2331.1147157723144,517442.7133023453
394913,1,"New York, NY",msa,NY,2020-11-30,2300.323302641791,522839.25958102074
394913,1,"New York, NY",msa,NY,2020-12-31,2287.4433144873756,529175.150579134
394913,1,"New York, NY",msa,NY,2021-01-31,2286.9451886672136,535205.2546349459
394913,1,"New York, NY",msa,NY,2021-02-28,2301.21103823281,541509.0718575167
394913,1,"New York, NY",msa,NY,2021-03-31,2322.2587240984844,547360.9375929307
394913,1,"New York, NY",msa,NY,2021-04-30,2348.544918670706,553226.110109022
394913,1,"New York, NY",msa,NY,2021-05-31,2391.317120502009,558881.343055796
394913,1,"New York, NY",msa,NY,2021-06-30,2444.243482634784,563953.1127928628
394913,1,"New York, NY",msa,NY,2021-07-31,2505.6409742365436,568181.6214278458
394913,1,"New York, NY",msa,NY,2021-08-31,2564.2185130871912,570726.4714434253
394913,1,"New York, NY",msa,NY,2021-09-30,2612.230492172805,572280.0740159546
394913,1,"New York, NY",msa,NY,2021-10-31,2645.0526587397408,574471.9842745734
394913,1,"New York, NY",msa,NY,2021-11-30,2666.86293620122,577988.8824281427
394913,1,"New York, NY",msa,NY,2021-12-31,2686.7647841176195,581954.3399607438
394913,1,"New York, NY",msa,NY,2022-01-31,2711.3889749042405,586169.9440892393
394913,1,"New York, NY",msa,NY,2022-02-28,2743.0900238084923,590810.7896543428
394913,1,"New York, NY",msa,NY,2022-03-31,2780.3780344817674,597137.5524297935
394913,1,"New York, NY",msa,NY,2022-04-30,2819.7986040667984,603794.2725048279
394913,1,"New York, NY",msa,NY,2022-05-31,2869.1975618527117,610511.2409326395
394913,1,"New York, NY",msa,NY,2022-06-30,2921.373973474974,616656.6449116507
394913,1,"New York, NY",msa,NY,2022-07-31,2967.98881295549,620567.393757139
394913,1,"New York, NY",msa,NY,2022-08-31,2995.0382486126373,621294.5733131442
394913,1,"New York, NY",msa,NY,2022-09-30,2999.3268898589104,618770.0366407732
394913,1,"New York, NY",msa,NY,2022-10-31,2985.739537251811,616187.1117504854
394913,1,"New York, NY",msa,NY,2022-11-30,2960.770936952575,614148.3819380067
394913,1,"New York, NY",msa,NY,2022-12-31,2942.331543779452,612708.7471247102
394913,1,"New York, NY",msa,NY,2023-01-31,2940.5032317396713,611882.8040102884
394913,1,"New York, NY",msa,NY,2023-02-28,2953.7978482515364,610514.8609933989
394913,1,"New York, NY",msa,NY,2023-03-31,2979.676864925961,610832.822233978
394913,1,"New York, NY",msa,NY,2023-04-30,3010.8975297256825,612857.1038865158
394913,1,"New York, NY",msa,NY,2023-05-31,3045.589587878382,616920.274065999
394913,1,"New York, NY",msa,NY,2023-06-30,3074.40901307674,621124.1007914256
394913,1,"New York, NY",msa,NY,2023-07-31,3095.5795705781657,624755.7372161507
394913,1,"New York, NY",msa,NY,2023-08-31,3105.7003274556023,628082.01912995975
394913,1,"New York, NY",msa,NY,2023-09-30,3104.908465649872,630831.070805896
394913,1,"New York, NY",msa,NY,2023-10-31,3091.299187467073,633197.339033719
394913,1,"New York, NY",msa,NY,2023-11-30,3072.08070634115,635528.5550089062
394913,1,"New York, NY",msa,NY,2023-12-31,3060.220405084703,638314.7849828278
394913,1,"New York, NY",msa,NY,2024-01-31,3065.440927026315,641223.118799548
394913,1,"New York, NY",msa,NY,2024-02-29,3083.563717429872,645294.4312774041
394913,1,"New York, NY",msa,NY,2024-03-31,3111.1523164982536,650735.0278932761
394913,1,"New York, NY",msa,NY,2024-04-30,3138.2648266503443,656885.3246091165
394913,1,"New York, NY",msa,NY,2024-05-31,3168.1240686193555,661575.9117931976
394913,1,"New York, NY",msa,NY,2024-06-30,3195.6173935776883,664677.6268303351
394913,1,"New York, NY",msa,NY,2024-07-31,3212.852260029266,667442.9115887833
394913,1,"New York, NY",msa,NY,2024-08-31,3219.1207307871705,671211.1003054773
394913,1,"New York, NY",msa,NY,2024-09-30,3210.0572989079074,675265.0475144825
394913,1,"New York, NY",msa,NY,2024-10-31,3197.141410143875,678813.1376600214
394913,1,"New York, NY",msa,NY,2024-11-30,3188.026772303498,681602.5064331456
394913,1,"New York, NY",msa,NY,2024-12-31,3183.9065472613593,683398.8090115286
394913,1,"New York, NY",msa,NY,2025-01-31,3194.095563642051,684477.7861889767
394913,1,"New York, NY",msa,NY,2025-02-28,3211.0713549680704,685768.5867569925
394913,1,"New York, NY",msa,NY,2025-03-31,3239.402592977848,687463.7208094791
394913,1,"New York, NY",msa,NY,2025-04-30,3267.4652237940145,689895.2746069907
394913,1,"New York, NY",msa,NY,2025-05-31,3295.0040678276446,691661.7840476776
394913,1,"New York, NY",msa,NY,2025-06-30,3326.462804294162,693135.4980043112
394913,1,"New York, NY",msa,NY,2025-07-31,3357.470159431148,694306.5230036149
394913,1,"New York, NY",msa,NY,2025-08-31,3378.6720872811698,695095.5036037574
394913,1,"New York, NY",msa,NY,2025-09-30,3376.806363486367,696494.2863606652
394913,1,"New York, NY",msa,NY,2025-10-31,3364.2351435882565,698826.8209958137
394913,1,"New York, NY",msa,NY,2025-11-30,3343.2910807304256,702164.8186509489
394913,1,"New York, NY",msa,NY,2025-12-31,3331.242879843915,705580.4795484334
394913,1,"New York, NY",msa,NY,2026-01-31,3328.5705398569007,708640.1350144469
394913,1,"New York, NY",msa,NY,2026-02-28,3345.9393433315217,712208.505439492
394913,1,"New York, NY",msa,NY,2026-03-31,3375.212381201241,715991.5621874946
394913,1,"New York, NY",msa,NY,2026-04-30,3406.042087660844,718396.8230765726
394976,11,"Phoenix, AZ",msa,AZ,2020-01-31,1276.929762833632,300070.58945890673
394976,11,"Phoenix, AZ",msa,AZ,2020-02-29,1287.13696964192,303337.0482407265
394976,11,"Phoenix, AZ",msa,AZ,2020-03-31,1293.8672911951014,307128.1831175733
394976,11,"Phoenix, AZ",msa,AZ,2020-04-30,1294.4144234143646,310513.02606675954
394976,11,"Phoenix, AZ",msa,AZ,2020-05-31,1293.7695900354142,312839.6993737624
394976,11,"Phoenix, AZ",msa,AZ,2020-06-30,1298.5643224034122,314361.94796907686
394976,11,"Phoenix, AZ",msa,AZ,2020-07-31,1312.4487165988514,316014.9267488262
394976,11,"Phoenix, AZ",msa,AZ,2020-08-31,1329.2571603395093,318878.09469913953
394976,11,"Phoenix, AZ",msa,AZ,2020-09-30,1344.9749517117584,323461.9847781093
394976,11,"Phoenix, AZ",msa,AZ,2020-10-31,1358.95668508564,328948.20196695905
394976,11,"Phoenix, AZ",msa,AZ,2020-11-30,1371.3929439552087,334967.219184913
394976,11,"Phoenix, AZ",msa,AZ,2020-12-31,1381.2832098707772,340823.9564975161
394976,11,"Phoenix, AZ",msa,AZ,2021-01-31,1393.887014954598,346638.4878300607
394976,11,"Phoenix, AZ",msa,AZ,2021-02-28,1407.5195593783174,352803.0518193301
394976,11,"Phoenix, AZ",msa,AZ,2021-03-31,1430.0186661092891,360174.9977959925
394976,11,"Phoenix, AZ",msa,AZ,2021-04-30,1457.822337430829,368796.13049369614
394976,11,"Phoenix, AZ",msa,AZ,2021-05-31,1496.2017927487925,379132.4591589064
394976,11,"Phoenix, AZ",msa,AZ,2021-06-30,1540.2266541355705,390447.9287217629
394976,11,"Phoenix, AZ",msa,AZ,2021-07-31,1586.6694778153137,401693.7009446908
394976,11,"Phoenix, AZ",msa,AZ,2021-08-31,1627.760592734223,411606.3620808277
394976,11,"Phoenix, AZ",msa,AZ,2021-09-30,1657.3206782486811,419922.9231983559
394976,11,"Phoenix, AZ",msa,AZ,2021-10-31,1678.1357889547849,427356.52826900774
394976,11,"Phoenix, AZ",msa,AZ,2021-11-30,1690.338050513393,434398.7246036514
394976,11,"Phoenix, AZ",msa,AZ,2021-12-31,1699.304832844644,440942.08351662266
394976,11,"Phoenix, AZ",msa,AZ,2022-01-31,1707.1525035239492,447876.7672628714
394976,11,"Phoenix, AZ",msa,AZ,2022-02-28,1717.4165223698355,455821.80310884624
394976,11,"Phoenix, AZ",msa,AZ,2022-03-31,1731.7093673279603,465663.30688390863
394976,11,"Phoenix, AZ",msa,AZ,2022-04-30,1743.5081424149616,476553.5261914232
394976,11,"Phoenix, AZ",msa,AZ,2022-05-31,1751.4715677879808,487277.8183165236
394976,11,"Phoenix, AZ",msa,AZ,2022-06-30,1757.2716847516874,496084.0350586632
394976,11,"Phoenix, AZ",msa,AZ,2022-07-31,1762.314337591484,500393.8279451335
394976,11,"Phoenix, AZ",msa,AZ,2022-08-31,1763.5429136050188,499019.476364268
394976,11,"Phoenix, AZ",msa,AZ,2022-09-30,1754.706725760342,492661.2885625488
394976,11,"Phoenix, AZ",msa,AZ,2022-10-31,1742.8400329182512,484724.14055926254
394976,11,"Phoenix, AZ",msa,AZ,2022-11-30,1731.7227162586723,476179.8787656186
394976,11,"Phoenix, AZ",msa,AZ,2022-12-31,1727.1631677485636,467799.5729662869
394976,11,"Phoenix, AZ",msa,AZ,2023-01-31,1725.319404056556,459646.0677259884
394976,11,"Phoenix, AZ",msa,AZ,2023-02-28,1730.1468864268536,453316.499831341
394976,11,"Phoenix, AZ",msa,AZ,2023-03-31,1744.4464415462985,449654.8374271101
394976,11,"Phoenix, AZ",msa,AZ,2023-04-30,1751.727819851148,448273.9478427594
394976,11,"Phoenix, AZ",msa,AZ,2023-05-31,1756.6555196135787,448708.3225283807
394976,11,"Phoenix, AZ",msa,AZ,2023-06-30,1753.543985881872,450424.9631408181
394976,11,"Phoenix, AZ",msa,AZ,2023-07-31,1757.9025032837385,453014.956376991
394976,11,"Phoenix, AZ",msa,AZ,2023-08-31,1757.3149015034833,455918.28064568574
394976,11,"Phoenix, AZ",msa,AZ,2023-09-30,1753.8032476221697,458375.3134918358
394976,11,"Phoenix, AZ",msa,AZ,2023-10-31,1744.4815164115687,460481.6349204125
394976,11,"Phoenix, AZ",msa,AZ,2023-11-30,1735.5687490884588,462136.13707499416
394976,11,"Phoenix, AZ",msa,AZ,2023-12-31,1728.3254997236352,462973.0627054979
394976,11,"Phoenix, AZ",msa,AZ,2024-01-31,1729.3099157542115,463347.28085275367
394976,11,"Phoenix, AZ",msa,AZ,2024-02-29,1736.465133707557,463940.6992658057
394976,11,"Phoenix, AZ",msa,AZ,2024-03-31,1745.0225167048045,465418.78350185626
394976,11,"Phoenix, AZ",msa,AZ,2024-04-30,1752.598547509231,467131.2270755845
394976,11,"Phoenix, AZ",msa,AZ,2024-05-31,1757.1467148276458,468425.6720611232
394976,11,"Phoenix, AZ",msa,AZ,2024-06-30,1760.0959440321371,468504.1053190949
394976,11,"Phoenix, AZ",msa,AZ,2024-07-31,1761.42266024347,467807.5156815179
394976,11,"Phoenix, AZ",msa,AZ,2024-08-31,1760.643971670389,466612.09997261065
394976,11,"Phoenix, AZ",msa,AZ,2024-09-30,1757.647760143849,465620.3110882477
394976,11,"Phoenix, AZ",msa,AZ,2024-10-31,1748.98093661105,464884.5882961365
394976,11,"Phoenix, AZ",msa,AZ,2024-11-30,1739.6450891381835,464268.4943874728
394976,11,"Phoenix, AZ",msa,AZ,2024-12-31,1732.824299953448,463749.4714531856
394976,11,"Phoenix, AZ",msa,AZ,2025-01-31,1734.233619555384,462876.49662572495
394976,11,"Phoenix, AZ",msa,AZ,2025-02-28,1742.4202621205009,461428.97543610464
394976,11,"Phoenix, AZ",msa,AZ,2025-03-31,1750.311993407813,459284.0568586931
394976,11,"Phoenix, AZ",msa,AZ,2025-04-30,1753.5235423025222,457256.9308373819
394976,11,"Phoenix, AZ",msa,AZ,2025-05-31,1751.862227937138,455237.83814021753
394976,11,"Phoenix, AZ",msa,AZ,2025-06-30,1750.4293439652702,453369.06755009067
394976,11,"Phoenix, AZ",msa,AZ,2025-07-31,1749.6132194787092,451399.40246536233
394976,11,"Phoenix, AZ",msa,AZ,2025-08-31,1746.3097617523415,449745.27255326166
394976,11,"Phoenix, AZ",msa,AZ,2025-09-30,1743.3109620430948,448651.8995804866
394976,11,"Phoenix, AZ",msa,AZ,2025-10-31,1736.8423764305933,448130.8662161715
394976,11,"Phoenix, AZ",msa,AZ,2025-11-30,1728.64955355318,448260.2651855045
394976,11,"Phoenix, AZ",msa,AZ,2025-12-31,1723.1471514825064,448909.7169175541
394976,11,"Phoenix, AZ",msa,AZ,2026-01-31,1723.608033467175,449633.4551465614
394976,11,"Phoenix, AZ",msa,AZ,2026-02-28,1730.3519006686447,450173.4360410476
394976,11,"Phoenix, AZ",msa,AZ,2026-03-31,1736.2245244153396,449951.895132354
394976,11,"Phoenix, AZ",msa,AZ,2026-04-30,1740.5393169255483,448932.70429742336
395057,12,"San Francisco, CA",msa,CA,2020-01-31,2755.2299303258583,950159.930538706
395057,12,"San Francisco, CA",msa,CA,2020-02-29,2762.4075345968536,954652.7554649888
395057,12,"San Francisco, CA",msa,CA,2020-03-31,2768.9055321847613,960712.9698911929
395057,12,"San Francisco, CA",msa,CA,2020-04-30,2761.739459687594,965920.2544280506
395057,12,"San Francisco, CA",msa,CA,2020-05-31,2751.793184556906,965669.8550382396
395057,12,"San Francisco, CA",msa,CA,2020-06-30,2733.66539986468,961115.2373970626
395057,12,"San Francisco, CA",msa,CA,2020-07-31,2713.7785770780824,957499.7249120804
395057,12,"San Francisco, CA",msa,CA,2020-08-31,2671.1223977600066,960147.0112353606
395057,12,"San Francisco, CA",msa,CA,2020-09-30,2619.414511003064,969115.9295171164
395057,12,"San Francisco, CA",msa,CA,2020-10-31,2571.213030186831,980978.9762542578
395057,12,"San Francisco, CA",msa,CA,2020-11-30,2536.6786022189635,995112.5670666288
395057,12,"San Francisco, CA",msa,CA,2020-12-31,2522.0488214366583,1009087.270900476
395057,12,"San Francisco, CA",msa,CA,2021-01-31,2516.4117782685335,1022474.0667002988
395057,12,"San Francisco, CA",msa,CA,2021-02-28,2530.4947069604736,1035095.7872760128
395057,12,"San Francisco, CA",msa,CA,2021-03-31,2550.4230330175847,1049094.9702778526
395057,12,"San Francisco, CA",msa,CA,2021-04-30,2575.2128430953826,1066205.321596489
395057,12,"San Francisco, CA",msa,CA,2021-05-31,2606.741499650095,1085685.6773912215
395057,12,"San Francisco, CA",msa,CA,2021-06-30,2648.3320017672804,1105319.8531476809
395057,12,"San Francisco, CA",msa,CA,2021-07-31,2694.53518791479,1121392.319678627
395057,12,"San Francisco, CA",msa,CA,2021-08-31,2729.0358766778977,1129746.2593028557
395057,12,"San Francisco, CA",msa,CA,2021-09-30,2741.8518994511255,1132361.0322837606
395057,12,"San Francisco, CA",msa,CA,2021-10-31,2739.4251631651077,1134204.047793551
395057,12,"San Francisco, CA",msa,CA,2021-11-30,2732.5947545837184,1140063.9886359654
395057,12,"San Francisco, CA",msa,CA,2021-12-31,2734.8499756935003,1149012.718898056
395057,12,"San Francisco, CA",msa,CA,2022-01-31,2748.497945782401,1165850.3427560246
395057,12,"San Francisco, CA",msa,CA,2022-02-28,2772.2622729499094,1191608.842499653
395057,12,"San Francisco, CA",msa,CA,2022-03-31,2798.782303005619,1224196.6168135444
395057,12,"San Francisco, CA",msa,CA,2022-04-30,2822.147496441133,1250846.334014128
395057,12,"San Francisco, CA",msa,CA,2022-05-31,2845.1552348819505,1265808.377563552
395057,12,"San Francisco, CA",msa,CA,2022-06-30,2866.7101800071896,1266732.013190927
395057,12,"San Francisco, CA",msa,CA,2022-07-31,2885.8119420759635,1253801.6905767147
395057,12,"San Francisco, CA",msa,CA,2022-08-31,2896.211068990672,1229614.5954230258
395057,12,"San Francisco, CA",msa,CA,2022-09-30,2891.69163961527,1201177.7637845082
395057,12,"San Francisco, CA",msa,CA,2022-10-31,2875.6605879876615,1178107.216753518
395057,12,"San Francisco, CA",msa,CA,2022-11-30,2853.323060362133,1161338.2242718998
395057,12,"San Francisco, CA",msa,CA,2022-12-31,2836.2015168164294,1148749.489485178
395057,12,"San Francisco, CA",msa,CA,2023-01-31,2828.787651769202,1134207.888616254
395057,12,"San Francisco, CA",msa,CA,2023-02-28,2839.13620125829,1121835.6836192803
395057,12,"San Francisco, CA",msa,CA,2023-03-31,2863.9329844532517,1112831.1474870287
395057,12,"San Francisco, CA",msa,CA,2023-04-30,2875.336602181585,1110986.9311541882
395057,12,"San Francisco, CA",msa,CA,2023-05-31,2884.1554342692034,1113215.135324094
395057,12,"San Francisco, CA",msa,CA,2023-06-30,2880.746867267009,1118211.4928246802
395057,12,"San Francisco, CA",msa,CA,2023-07-31,2890.2261314911143,1125209.7015860032
395057,12,"San Francisco, CA",msa,CA,2023-08-31,2891.608982977691,1133210.469491251
395057,12,"San Francisco, CA",msa,CA,2023-09-30,2883.519472547715,1140850.9323972526
395057,12,"San Francisco, CA",msa,CA,2023-10-31,2868.4987974455335,1146155.076489243
395057,12,"San Francisco, CA",msa,CA,2023-11-30,2847.662967127316,1147629.531040652
395057,12,"San Francisco, CA",msa,CA,2023-12-31,2835.278442089301,1145599.048007325
395057,12,"San Francisco, CA",msa,CA,2024-01-31,2838.24130751234,1141100.9915021767
395057,12,"San Francisco, CA",msa,CA,2024-02-29,2852.308189866399,1138634.004951429
395057,12,"San Francisco, CA",msa,CA,2024-03-31,2876.1866832578976,1143951.5143746391
395057,12,"San Francisco, CA",msa,CA,2024-04-30,2893.289175564795,1155787.8682238215
395057,12,"San Francisco, CA",msa,CA,2024-05-31,2908.9786221625977,1168453.3766616744
395057,12,"San Francisco, CA",msa,CA,2024-06-30,2921.619374098558,1174616.6949307057
395057,12,"San Francisco, CA",msa,CA,2024-07-31,2932.9021842891093,1176728.1570596462
395057,12,"San Francisco, CA",msa,CA,2024-08-31,2939.14076002366,1175272.167356555
395057,12,"San Francisco, CA",msa,CA,2024-09-30,2935.899056522351,1173500.730149829
395057,12,"San Francisco, CA",msa,CA,2024-10-31,2928.9356836432557,1170607.249486389
395057,12,"San Francisco, CA",msa,CA,2024-11-30,2927.2699907942756,1170442.9707706498
395057,12,"San Francisco, CA",msa,CA,2024-12-31,2924.3542913478204,1171565.9705069645
395057,12,"San Francisco, CA",msa,CA,2025-01-31,2935.977392098814,1171781.461781497
395057,12,"San Francisco, CA",msa,CA,2025-02-28,2954.3015805502682,1170474.269784092
395057,12,"San Francisco, CA",msa,CA,2025-03-31,2984.577029256997,1167286.623205975
395057,12,"San Francisco, CA",msa,CA,2025-04-30,3011.6480549060257,1163030.4296245435
395057,12,"San Francisco, CA",msa,CA,2025-05-31,3032.755874454781,1155609.5352870792
395057,12,"San Francisco, CA",msa,CA,2025-06-30,3054.875882268334,1145818.752088994
395057,12,"San Francisco, CA",msa,CA,2025-07-31,3072.6374600395457,1137328.9339130346
395057,12,"San Francisco, CA",msa,CA,2025-08-31,3089.0878649338406,1130585.1390303185
395057,12,"San Francisco, CA",msa,CA,2025-09-30,3100.121786051989,1128378.4092496932
395057,12,"San Francisco, CA",msa,CA,2025-10-31,3104.8308019085416,1129415.9552462662
395057,12,"San Francisco, CA",msa,CA,2025-11-30,3099.1893473211117,1133305.934377305
395057,12,"San Francisco, CA",msa,CA,2025-12-31,3094.61174299532,1138612.086173077
395057,12,"San Francisco, CA",msa,CA,2026-01-31,3107.773422322331,1141687.0296444113
395057,12,"San Francisco, CA",msa,CA,2026-02-28,3139.2539792171333,1143873.774764479
395057,12,"San Francisco, CA",msa,CA,2026-03-31,3173.275627495955,1145036.2726649167
395057,12,"San Francisco, CA",msa,CA,2026-04-30,3205.9913070056487,1145540.7166613196
102001,0,United States,country,NA,2020-01-31,1401.5203216888838,250509.79981121
102001,0,United States,country,NA,2020-02-29,1409.3993100178063,252034.58370977463
102001,0,United States,country,NA,2020-03-31,1417.7606328373713,253620.83113553945
102001,0,United States,country,NA,2020-04-30,1419.2319746498556,254979.0577660297
102001,0,United States,country,NA,2020-05-31,1419.2170297510277,255743.58004370207
102001,0,United States,country,NA,2020-06-30,1420.2466766916743,256173.97800256172
102001,0,United States,country,NA,2020-07-31,1425.4896706533234,256864.32330744097
102001,0,United States,country,NA,2020-08-31,1426.9069682788906,258518.70429478024
102001,0,United States,country,NA,2020-09-30,1424.3591052899217,261360.1072722148
102001,0,United States,country,NA,2020-10-31,1421.3912613365208,264830.88754729636
102001,0,United States,country,NA,2020-11-30,1419.8316196831058,268756.21484964824
102001,0,United States,country,NA,2020-12-31,1421.8592787448406,272581.92916400585
102001,0,United States,country,NA,2021-01-31,1430.034512708558,276261.38532169204
102001,0,United States,country,NA,2021-02-28,1442.2102863363623,280022.5663817501
102001,0,United States,country,NA,2021-03-31,1457.4882041126589,283948.5258662353
102001,0,United States,country,NA,2021-04-30,1475.5638347745992,288242.26908778766
102001,0,United States,country,NA,2021-05-31,1499.6343903378497,293005.5701127573
102001,0,United States,country,NA,2021-06-30,1528.0640205959453,298128.3727952519
102001,0,United States,country,NA,2021-07-31,1557.7171272551243,302726.66000347916
102001,0,United States,country,NA,2021-08-31,1585.296845080541,305994.4110480188
102001,0,United States,country,NA,2021-09-30,1607.5978976020062,307988.84339263296
102001,0,United States,country,NA,2021-10-31,1621.5330602739728,309943.6267551183
102001,0,United States,country,NA,2021-11-30,1630.773479013222,312593.67239171144
102001,0,United States,country,NA,2021-12-31,1639.7955451007472,315859.6761924702
102001,0,United States,country,NA,2022-01-31,1650.2135737885228,320352.9463927713
102001,0,United States,country,NA,2022-02-28,1664.6550972366326,325734.52093168447
102001,0,United States,country,NA,2022-03-31,1679.7156821509122,332061.8455702059
102001,0,United States,country,NA,2022-04-30,1699.3251391870565,338385.6896470144
102001,0,United States,country,NA,2022-05-31,1719.3870070319283,344036.691657533
102001,0,United States,country,NA,2022-06-30,1740.1105693739523,348760.27268069953
102001,0,United States,country,NA,2022-07-31,1757.2775080499696,351242.5947566065
102001,0,United States,country,NA,2022-08-31,1766.9183786856372,351620.447950637
102001,0,United States,country,NA,2022-09-30,1768.8879243301544,350330.35845777317
102001,0,United States,country,NA,2022-10-31,1764.252581683564,349089.8050675649
102001,0,United States,country,NA,2022-11-30,1758.3229814526796,348071.2469278523
102001,0,United States,country,NA,2022-12-31,1755.5934462451487,347146.1566863889
102001,0,United States,country,NA,2023-01-31,1757.5224446080808,345933.80312716356
102001,0,United States,country,NA,2023-02-28,1764.1176892371486,345047.7807919536
102001,0,United States,country,NA,2023-03-31,1776.6015120497898,344985.1568682287
102001,0,United States,country,NA,2023-04-30,1787.2293766441835,345967.2513539563
102001,0,United States,country,NA,2023-05-31,1798.939969918053,347622.92508866166
102001,0,United States,country,NA,2023-06-30,1805.725643690411,349596.1704658999
102001,0,United States,country,NA,2023-07-31,1814.1339039900477,351376.1844614353
102001,0,United States,country,NA,2023-08-31,1818.4842940955184,353027.9612648987
102001,0,United States,country,NA,2023-09-30,1818.7273241752555,354275.8861694551
102001,0,United States,country,NA,2023-10-31,1815.2259940752713,355209.7148651109
102001,0,United States,country,NA,2023-11-30,1810.038987981933,355871.2593083764
102001,0,United States,country,NA,2023-12-31,1807.5691164007096,356310.28114837484
102001,0,United States,country,NA,2024-01-31,1810.49237572732,356747.1644649471
102001,0,United States,country,NA,2024-02-29,1818.089806306608,357547.7873813059
102001,0,United States,country,NA,2024-03-31,1828.4583652615052,359104.83016470337
102001,0,United States,country,NA,2024-04-30,1838.9333852725863,360979.6164463617
102001,0,United States,country,NA,2024-05-31,1849.8337026665752,362427.77506879024
102001,0,United States,country,NA,2024-06-30,1859.4927209243497,362995.0226783484
102001,0,United States,country,NA,2024-07-31,1866.9600561778436,363144.54889890854
102001,0,United States,country,NA,2024-08-31,1870.2112357042936,363390.36484658625
102001,0,United States,country,NA,2024-09-30,1869.9697315283288,363845.4923988781
102001,0,United States,country,NA,2024-10-31,1866.2336112946095,364439.9439274885
102001,0,United States,country,NA,2024-11-30,1862.7289450841288,364937.9408568015
102001,0,United States,country,NA,2024-12-31,1860.312562549014,365665.17160141934
102001,0,United States,country,NA,2025-01-31,1864.2958499826857,366301.1580643751
102001,0,United States,country,NA,2025-02-28,1872.2349978986545,366765.1167725067
102001,0,United States,country,NA,2025-03-31,1883.6594826796152,366487.27308887267
102001,0,United States,country,NA,2025-04-30,1893.2510555706256,365954.4088834414
102001,0,United States,country,NA,2025-05-31,1901.559472991547,365262.6650697781
102001,0,United States,country,NA,2025-06-30,1908.047473878009,364639.882647108
102001,0,United States,country,NA,2025-07-31,1912.210876690272,364209.42705556465
102001,0,United States,country,NA,2025-08-31,1914.0572822435065,363979.75302495
102001,0,United States,country,NA,2025-09-30,1913.210790601504,364223.4866650914
102001,0,United States,country,NA,2025-10-31,1909.807377707947,364661.6235969907
102001,0,United States,country,NA,2025-11-30,1904.1861436834413,365343.5360545896
102001,0,United States,country,NA,2025-12-31,1899.6657242352603,366141.3118222303
102001,0,United States,country,NA,2026-01-31,1900.898728087625,366902.44225546386
102001,0,United States,country,NA,2026-02-28,1907.9046054057685,367622.8300238263
102001,0,United States,country,NA,2026-03-31,1918.724586062416,368117.6844072337
102001,0,United States,country,NA,2026-04-30,1929.6422102592069,368197.74670613307
